<asdoc>

<classRec name='AdmobError' fullname='so.cuo.platform.admob:AdmobError' sourcefile='F:\dev\127.0.0.1\trunk\ane\admob6.9\as\src\so\cuo\platform\admob\AdmobError.as' namespace='so.cuo.platform.admob' access='public' baseclass='Object' isFinal='false' isDynamic='false' >
</classRec>
<method name='errorString' fullname='so.cuo.platform.admob:AdmobError/errorString' isStatic='true' isFinal='false' isOverride='false'  param_names='code' param_types='int' param_defaults='undefined' result_type='String'>
</method>
<field name='ERROR_CODE_ERNAL_ERROR' fullname='so.cuo.platform.admob:AdmobError/ERROR_CODE_ERNAL_ERROR' type='int' isStatic='true' isConst='true' defaultValue='0' >
</field>
<field name='ERROR_CODE_INVALID_REQUEST' fullname='so.cuo.platform.admob:AdmobError/ERROR_CODE_INVALID_REQUEST' type='int' isStatic='true' isConst='true' defaultValue='1' >
</field>
<field name='ERROR_CODE_NETWORK_ERROR' fullname='so.cuo.platform.admob:AdmobError/ERROR_CODE_NETWORK_ERROR' type='int' isStatic='true' isConst='true' defaultValue='2' >
</field>
<field name='ERROR_CODE_NO_FILL' fullname='so.cuo.platform.admob:AdmobError/ERROR_CODE_NO_FILL' type='int' isStatic='true' isConst='true' defaultValue='3' >
</field>
<classRec name='AdmobFunNames' fullname='so.cuo.platform.admob:AdmobFunNames' sourcefile='F:\dev\127.0.0.1\trunk\ane\admob6.9\as\src\so\cuo\platform\admob\AdmobFunNames.as' namespace='so.cuo.platform.admob' access='internal' baseclass='Object' isFinal='false' isDynamic='false' >
</classRec>
<field name='cacheInterstitial' fullname='so.cuo.platform.admob:AdmobFunNames/cacheInterstitial' type='String' isStatic='true' isConst='true' defaultValue='admobCacheInterstitial' >
</field>
<field name='getScreenSize' fullname='so.cuo.platform.admob:AdmobFunNames/getScreenSize' type='String' isStatic='true' isConst='true' defaultValue='getScreenSize' >
</field>
<field name='hideBanner' fullname='so.cuo.platform.admob:AdmobFunNames/hideBanner' type='String' isStatic='true' isConst='true' defaultValue='admobHideBanner' >
</field>
<field name='initBanner' fullname='so.cuo.platform.admob:AdmobFunNames/initBanner' type='String' isStatic='true' isConst='true' defaultValue='admobInitBanner' >
</field>
<field name='initInterstitial' fullname='so.cuo.platform.admob:AdmobFunNames/initInterstitial' type='String' isStatic='true' isConst='true' defaultValue='admobInitInterstitial' >
</field>
<field name='isInterstitialReady' fullname='so.cuo.platform.admob:AdmobFunNames/isInterstitialReady' type='String' isStatic='true' isConst='true' defaultValue='admobIsInterstitialReady' >
</field>
<field name='showBannerAbsolute' fullname='so.cuo.platform.admob:AdmobFunNames/showBannerAbsolute' type='String' isStatic='true' isConst='true' defaultValue='admobShowBannerAbsolute' >
</field>
<field name='showBanner' fullname='so.cuo.platform.admob:AdmobFunNames/showBanner' type='String' isStatic='true' isConst='true' defaultValue='admobShowBanner' >
</field>
<field name='showInterstitial' fullname='so.cuo.platform.admob:AdmobFunNames/showInterstitial' type='String' isStatic='true' isConst='true' defaultValue='admobShowInterstitial' >
</field>
<classRec name='ExtraParameter' fullname='so.cuo.platform.admob:ExtraParameter' sourcefile='F:\dev\127.0.0.1\trunk\ane\admob6.9\as\src\so\cuo\platform\admob\ExtraParameter.as' namespace='so.cuo.platform.admob' access='public' baseclass='Object' isFinal='false' isDynamic='false' >
<description><![CDATA[

  extra parameter to control admob request,such as if you are testing ,is this app made for child .

 just set property that you want to change the default value. 

 more info about the parameter can found https://developers.google.com/mobile-ads-sdk/docs/admob/additional-controls#play-coppa

 ]]></description>
</classRec>
<method name='setLocation' fullname='so.cuo.platform.admob:ExtraParameter/setLocation' isStatic='false' isFinal='false' isOverride='false'  param_names='latitude;longitude' param_types='Number;Number' param_defaults='undefined;undefined' result_type='void'>
</method>
<method name='toString' fullname='so.cuo.platform.admob:ExtraParameter/toString' isStatic='false' isFinal='false' isOverride='false'  result_type='String'>
</method>
<method name='birthday' fullname='so.cuo.platform.admob:ExtraParameter/birthday/get' isStatic='false' isFinal='false' isOverride='false'  result_type='Date'>
</method>
<method name='contentUrl' fullname='so.cuo.platform.admob:ExtraParameter/contentUrl/get' isStatic='false' isFinal='false' isOverride='false'  result_type='String'>
</method>
<method name='gender' fullname='so.cuo.platform.admob:ExtraParameter/gender/get' isStatic='false' isFinal='false' isOverride='false'  result_type='int'>
</method>
<method name='isChildApp' fullname='so.cuo.platform.admob:ExtraParameter/isChildApp/get' isStatic='false' isFinal='false' isOverride='false'  result_type='Boolean'>
</method>
<method name='keyWord' fullname='so.cuo.platform.admob:ExtraParameter/keyWord/get' isStatic='false' isFinal='false' isOverride='false'  result_type='String'>
</method>
<method name='testDeviceID' fullname='so.cuo.platform.admob:ExtraParameter/testDeviceID/get' isStatic='false' isFinal='false' isOverride='false'  result_type='String'>
</method>
<method name='birthday' fullname='so.cuo.platform.admob:ExtraParameter/birthday/set' isStatic='false' isFinal='false' isOverride='false'  param_names='value' param_types='Date' param_defaults='undefined' result_type='void'>
</method>
<method name='contentUrl' fullname='so.cuo.platform.admob:ExtraParameter/contentUrl/set' isStatic='false' isFinal='false' isOverride='false'  param_names='value' param_types='String' param_defaults='undefined' result_type='void'>
</method>
<method name='gender' fullname='so.cuo.platform.admob:ExtraParameter/gender/set' isStatic='false' isFinal='false' isOverride='false'  param_names='value' param_types='int' param_defaults='undefined' result_type='void'>
<description><![CDATA[available value list GENDER_FEMALE 2,GENDER_MALE 1,GENDER_UNKNOWN 0]]></description>
</method>
<method name='isChildApp' fullname='so.cuo.platform.admob:ExtraParameter/isChildApp/set' isStatic='false' isFinal='false' isOverride='false'  param_names='value' param_types='Boolean' param_defaults='undefined' result_type='void'>
<description><![CDATA[just set when this app is  for child ]]></description>
</method>
<method name='keyWord' fullname='so.cuo.platform.admob:ExtraParameter/keyWord/set' isStatic='false' isFinal='false' isOverride='false'  param_names='value' param_types='String' param_defaults='undefined' result_type='void'>
<description><![CDATA[keyword format   "key1 key2 key3 key4" ]]></description>
</method>
<method name='testDeviceID' fullname='so.cuo.platform.admob:ExtraParameter/testDeviceID/set' isStatic='false' isFinal='false' isOverride='false'  param_names='value' param_types='String' param_defaults='undefined' result_type='void'>
<description><![CDATA[ you can set the device id value to get admob test ad,device id sample C10FA0762720A0FD0E64FE3825A8B64F]]></description>
</method>
<field name='_birthday' fullname='so.cuo.platform.admob:ExtraParameter/private:_birthday' type='Date' isStatic='false' isConst='false' >
</field>
<field name='_contentUrl' fullname='so.cuo.platform.admob:ExtraParameter/private:_contentUrl' type='String' isStatic='false' isConst='false' >
</field>
<field name='_gender' fullname='so.cuo.platform.admob:ExtraParameter/private:_gender' type='int' isStatic='false' isConst='false' >
</field>
<field name='_isChildApp' fullname='so.cuo.platform.admob:ExtraParameter/private:_isChildApp' type='Boolean' isStatic='false' isConst='false' >
</field>
<field name='_keyWord' fullname='so.cuo.platform.admob:ExtraParameter/private:_keyWord' type='String' isStatic='false' isConst='false' >
</field>
<field name='_latitude' fullname='so.cuo.platform.admob:ExtraParameter/private:_latitude' type='Number' isStatic='false' isConst='false' >
</field>
<field name='_longitude' fullname='so.cuo.platform.admob:ExtraParameter/private:_longitude' type='Number' isStatic='false' isConst='false' >
</field>
<field name='_testDeviceID' fullname='so.cuo.platform.admob:ExtraParameter/private:_testDeviceID' type='String' isStatic='false' isConst='false' >
</field>
<classRec name='AdmobPosition' fullname='so.cuo.platform.admob:AdmobPosition' sourcefile='F:\dev\127.0.0.1\trunk\ane\admob6.9\as\src\so\cuo\platform\admob\AdmobPosition.as' namespace='so.cuo.platform.admob' access='public' baseclass='Object' isFinal='false' isDynamic='false' >
<description><![CDATA[ banner ad position; relation position consts]]></description>
</classRec>
<field name='BOTTOM_CENTER' fullname='so.cuo.platform.admob:AdmobPosition/BOTTOM_CENTER' type='int' isStatic='true' isConst='true' defaultValue='8' >
</field>
<field name='BOTTOM_LEFT' fullname='so.cuo.platform.admob:AdmobPosition/BOTTOM_LEFT' type='int' isStatic='true' isConst='true' defaultValue='7' >
</field>
<field name='BOTTOM_RIGHT' fullname='so.cuo.platform.admob:AdmobPosition/BOTTOM_RIGHT' type='int' isStatic='true' isConst='true' defaultValue='9' >
</field>
<field name='MIDDLE_CENTER' fullname='so.cuo.platform.admob:AdmobPosition/MIDDLE_CENTER' type='int' isStatic='true' isConst='true' defaultValue='5' >
</field>
<field name='MIDDLE_LEFT' fullname='so.cuo.platform.admob:AdmobPosition/MIDDLE_LEFT' type='int' isStatic='true' isConst='true' defaultValue='4' >
</field>
<field name='MIDDLE_RIGHT' fullname='so.cuo.platform.admob:AdmobPosition/MIDDLE_RIGHT' type='int' isStatic='true' isConst='true' defaultValue='6' >
</field>
<field name='TOP_CENTER' fullname='so.cuo.platform.admob:AdmobPosition/TOP_CENTER' type='int' isStatic='true' isConst='true' defaultValue='2' >
</field>
<field name='TOP_LEFT' fullname='so.cuo.platform.admob:AdmobPosition/TOP_LEFT' type='int' isStatic='true' isConst='true' defaultValue='1' >
</field>
<field name='TOP_RIGHT' fullname='so.cuo.platform.admob:AdmobPosition/TOP_RIGHT' type='int' isStatic='true' isConst='true' defaultValue='3' >
</field>
<classRec name='AdmobSize' fullname='so.cuo.platform.admob:AdmobSize' sourcefile='F:\dev\127.0.0.1\trunk\ane\admob6.9\as\src\so\cuo\platform\admob\AdmobSize.as' namespace='so.cuo.platform.admob' access='public' baseclass='Object' isFinal='false' isDynamic='false' >
</classRec>
<method name='AdmobSize' fullname='so.cuo.platform.admob:AdmobSize/AdmobSize' isStatic='false' isFinal='false' isOverride='false'  param_names='w;h' param_types='Number;Number' param_defaults='320;50' result_type='*'>
<description><![CDATA[you  can create a custom size ,for admob more ad size https://developers.google.com/mobile-ads-sdk/docs/admob/smart-banners]]></description>
</method>
<method name='equals' fullname='so.cuo.platform.admob:AdmobSize/equals' isStatic='false' isFinal='false' isOverride='false'  param_names='adsize' param_types='so.cuo.platform.admob:AdmobSize' param_defaults='undefined' result_type='Boolean'>
</method>
<method name='height' fullname='so.cuo.platform.admob:AdmobSize/height/get' isStatic='false' isFinal='false' isOverride='false'  result_type='int'>
</method>
<method name='width' fullname='so.cuo.platform.admob:AdmobSize/width/get' isStatic='false' isFinal='false' isOverride='false'  result_type='int'>
</method>
<method name='height' fullname='so.cuo.platform.admob:AdmobSize/height/set' isStatic='false' isFinal='false' isOverride='false'  param_names='value' param_types='int' param_defaults='undefined' result_type='void'>
</method>
<method name='width' fullname='so.cuo.platform.admob:AdmobSize/width/set' isStatic='false' isFinal='false' isOverride='false'  param_names='value' param_types='int' param_defaults='undefined' result_type='void'>
</method>
<field name='_height' fullname='so.cuo.platform.admob:AdmobSize/protected:_height' type='int' isStatic='false' isConst='false' >
</field>
<field name='_width' fullname='so.cuo.platform.admob:AdmobSize/protected:_width' type='int' isStatic='false' isConst='false' >
</field>
<classRec name='AdmobEvent' fullname='so.cuo.platform.admob:AdmobEvent' sourcefile='F:\dev\127.0.0.1\trunk\ane\admob6.9\as\src\so\cuo\platform\admob\AdmobEvent.as' namespace='so.cuo.platform.admob' access='public' baseclass='flash.events:Event' isFinal='false' isDynamic='false' >
<description><![CDATA[
	 ad event 
	 ref  https://developers.google.com/mobile-ads-sdk/docs/admob/intermediate
	 ]]></description>
</classRec>
<method name='AdmobEvent' fullname='so.cuo.platform.admob:AdmobEvent/AdmobEvent' isStatic='false' isFinal='false' isOverride='false'  param_names='type;data;bubbles;cancelable' param_types='String;*;Boolean;Boolean' param_defaults='undefined;null;false;false' result_type='*'>
</method>
<field name='data' fullname='so.cuo.platform.admob:AdmobEvent/data' type='Object' isStatic='false' isConst='false' >
</field>
<field name='onBannerDismiss' fullname='so.cuo.platform.admob:AdmobEvent/onBannerDismiss' type='String' isStatic='true' isConst='true' defaultValue='onBannerDismiss' >
<description><![CDATA[
		 Event which will be fired when  ad is clicked  and not leave app. will show a full screen in app ad
		 ]]></description>
</field>
<field name='onBannerFailedReceive' fullname='so.cuo.platform.admob:AdmobEvent/onBannerFailedReceive' type='String' isStatic='true' isConst='true' defaultValue='onBannerFailedReceive' >
<description><![CDATA[
		 vent which will be fired when fail to receive ad
		 ]]></description>
</field>
<field name='onBannerLeaveApplication' fullname='so.cuo.platform.admob:AdmobEvent/onBannerLeaveApplication' type='String' isStatic='true' isConst='true' defaultValue='onBannerLeaveApplication' >
<description><![CDATA[
		 Event which will be fired when ad clicked and will leave app.
		 ]]></description>
</field>
<field name='onBannerPresent' fullname='so.cuo.platform.admob:AdmobEvent/onBannerPresent' type='String' isStatic='true' isConst='true' defaultValue='onBannerPresent' >
<description><![CDATA[
		 Event which will be fired when ad will been add to screen.
		 ]]></description>
</field>
<field name='onBannerReceive' fullname='so.cuo.platform.admob:AdmobEvent/onBannerReceive' type='String' isStatic='true' isConst='true' defaultValue='onBannerReceive' >
<description><![CDATA[
		 Event which will be fired when ad received success 
		 ]]></description>
</field>
<field name='onInterstitialDismiss' fullname='so.cuo.platform.admob:AdmobEvent/onInterstitialDismiss' type='String' isStatic='true' isConst='true' defaultValue='onInterstitialDismiss' >
<description><![CDATA[
		 Event which will be fired when  ad is clicked  and not leave app. will show a full screen in app ad
		 ]]></description>
</field>
<field name='onInterstitialFailedReceive' fullname='so.cuo.platform.admob:AdmobEvent/onInterstitialFailedReceive' type='String' isStatic='true' isConst='true' defaultValue='onInterstitialFailedReceive' >
<description><![CDATA[
		 vent which will be fired when fail to receive ad
		 ]]></description>
</field>
<field name='onInterstitialLeaveApplication' fullname='so.cuo.platform.admob:AdmobEvent/onInterstitialLeaveApplication' type='String' isStatic='true' isConst='true' defaultValue='onInterstitialLeaveApplication' >
<description><![CDATA[
		 Event which will be fired when ad clicked and will leave app.
		 ]]></description>
</field>
<field name='onInterstitialPresent' fullname='so.cuo.platform.admob:AdmobEvent/onInterstitialPresent' type='String' isStatic='true' isConst='true' defaultValue='onInterstitialPresent' >
<description><![CDATA[
		 Event which will be fired when ad will been add to screen.
		 ]]></description>
</field>
<field name='onInterstitialReceive' fullname='so.cuo.platform.admob:AdmobEvent/onInterstitialReceive' type='String' isStatic='true' isConst='true' defaultValue='onInterstitialReceive' >
<description><![CDATA[
		 Event which will be fired when ad received success 
		 ]]></description>
</field>
<classRec name='Admob' fullname='so.cuo.platform.admob:Admob' sourcefile='F:\dev\127.0.0.1\trunk\ane\admob6.9\as\src\so\cuo\platform\admob\Admob.as' namespace='so.cuo.platform.admob' access='public' baseclass='flash.events:EventDispatcher' isFinal='false' isDynamic='false' >
<metadata>
	<Event owner='so.cuo.platform.admob:Admob' name='onInterstitialReceive' type='so.cuo.platform.admob.AdmobEvent' >
	</Event>
</metadata>
<metadata>
	<Event owner='so.cuo.platform.admob:Admob' name='onInterstitialPresent' type='so.cuo.platform.admob.AdmobEvent' >
	</Event>
</metadata>
<metadata>
	<Event owner='so.cuo.platform.admob:Admob' name='onInterstitialLeaveApplication' type='so.cuo.platform.admob.AdmobEvent' >
	</Event>
</metadata>
<metadata>
	<Event owner='so.cuo.platform.admob:Admob' name='onInterstitialFailedReceive' type='so.cuo.platform.admob.AdmobEvent' >
	</Event>
</metadata>
<metadata>
	<Event owner='so.cuo.platform.admob:Admob' name='onInterstitialDismiss' type='so.cuo.platform.admob.AdmobEvent' >
	</Event>
</metadata>
<metadata>
	<Event owner='so.cuo.platform.admob:Admob' name='onBannerReceive' type='so.cuo.platform.admob.AdmobEvent' >
	</Event>
</metadata>
<metadata>
	<Event owner='so.cuo.platform.admob:Admob' name='onBannerPresent' type='so.cuo.platform.admob.AdmobEvent' >
	</Event>
</metadata>
<metadata>
	<Event owner='so.cuo.platform.admob:Admob' name='onBannerLeaveApplication' type='so.cuo.platform.admob.AdmobEvent' >
	</Event>
</metadata>
<metadata>
	<Event owner='so.cuo.platform.admob:Admob' name='onBannerFailedReceive' type='so.cuo.platform.admob.AdmobEvent' >
	</Event>
</metadata>
<metadata>
	<Event owner='so.cuo.platform.admob:Admob' name='onBannerDismiss' type='so.cuo.platform.admob.AdmobEvent' >
	</Event>
</metadata>
</classRec>
<method name='Admob' fullname='so.cuo.platform.admob:Admob/Admob' isStatic='false' isFinal='false' isOverride='false'  result_type='*'>
</method>
<method name='cacheInterstitial' fullname='so.cuo.platform.admob:Admob/cacheInterstitial' isStatic='false' isFinal='false' isOverride='false'  param_names='extraPrama' param_types='so.cuo.platform.admob:ExtraParameter' param_defaults='null' result_type='void'>
<description><![CDATA[load Interstitial ad,you would load full screen ad before show it]]></description>
</method>
<method name='dispose' fullname='so.cuo.platform.admob:Admob/dispose' isStatic='false' isFinal='false' isOverride='false'  result_type='void'>
<description><![CDATA[dispose this ane,you would never use this ane any more]]></description>
</method>
<method name='getInstance' fullname='so.cuo.platform.admob:Admob/getInstance' isStatic='true' isFinal='false' isOverride='false'  result_type='so.cuo.platform.admob:Admob'>
</method>
<method name='getScreenSize' fullname='so.cuo.platform.admob:Admob/getScreenSize' isStatic='false' isFinal='false' isOverride='false'  result_type='flash.geom:Rectangle'>
<description><![CDATA[device screen size]]></description>
</method>
<method name='hideBanner' fullname='so.cuo.platform.admob:Admob/hideBanner' isStatic='false' isFinal='false' isOverride='false'  result_type='void'>
<description><![CDATA[hide ad banner]]></description>
</method>
<method name='initBanner' fullname='so.cuo.platform.admob:Admob/protected:initBanner' isStatic='false' isFinal='false' isOverride='false'  param_names='adSize' param_types='so.cuo.platform.admob:AdmobSize' param_defaults='undefined' result_type='void'>
</method>
<method name='isInterstitialReady' fullname='so.cuo.platform.admob:Admob/isInterstitialReady' isStatic='false' isFinal='false' isOverride='false'  result_type='Boolean'>
<description><![CDATA[has load Interstitial success? just show after the Interstitial ad is ready]]></description>
</method>
<method name='logTrace' fullname='so.cuo.platform.admob:Admob/private:logTrace' isStatic='false' isFinal='false' isOverride='false'  param_names='msg' param_types='String' param_defaults='undefined' result_type='void'>
</method>
<method name='onAdHandler' fullname='so.cuo.platform.admob:Admob/private:onAdHandler' isStatic='false' isFinal='false' isOverride='false'  param_names='e' param_types='flash.events:StatusEvent' param_defaults='undefined' result_type='void'>
</method>
<method name='setKeys' fullname='so.cuo.platform.admob:Admob/setKeys' isStatic='false' isFinal='false' isOverride='false'  param_names='bannerKey;interstitialKey' param_types='String;String' param_defaults='undefined;null' result_type='void'>
<description><![CDATA[set admob key ,the bannerKey is banner key,interstitialKey is interstitialKey key. 

		 if interstitialKey not set ,it will the same as banner key

		 ]]></description>
</method>
<method name='showBannerAbsolute' fullname='so.cuo.platform.admob:Admob/showBannerAbsolute' isStatic='false' isFinal='false' isOverride='false'  param_names='adSize;x;y;extraParam' param_types='so.cuo.platform.admob:AdmobSize;Number;Number;so.cuo.platform.admob:ExtraParameter' param_defaults='undefined;undefined;undefined;null' result_type='void'>
<description><![CDATA[show admob banner absolute position,position x,y

		 eg.  admob.showBannerAbsolute(Admob.BANNER,0,280);

		 ]]></description>
</method>
<method name='showBanner' fullname='so.cuo.platform.admob:Admob/showBanner' isStatic='false' isFinal='false' isOverride='false'  param_names='adSize;position;extraParam' param_types='so.cuo.platform.admob:AdmobSize;int;so.cuo.platform.admob:ExtraParameter' param_defaults='undefined;undefined;null' result_type='void'>
<description><![CDATA[show admob banner relation position,position values in  AdmobPosition

		 eg.  admob.showBanner(Admob.BANNER,AdmobPosition.BOTTOM_CENTER);

		 ]]></description>
</method>
<method name='showInterstitial' fullname='so.cuo.platform.admob:Admob/showInterstitial' isStatic='false' isFinal='false' isOverride='false'  result_type='void'>
<description><![CDATA[show Interstitial on screen]]></description>
</method>
<method name='supportDevice' fullname='so.cuo.platform.admob:Admob/supportDevice/get' isStatic='false' isFinal='false' isOverride='false'  result_type='Boolean'>
<description><![CDATA[ does current device  support  ,support both ios and android now]]></description>
</method>
<field name='BANNER' fullname='so.cuo.platform.admob:Admob/BANNER' type='so.cuo.platform.admob:AdmobSize' isStatic='true' isConst='true' defaultValue='unknown' >
<description><![CDATA[banner size 320,50]]></description>
</field>
<field name='IAB_BANNER' fullname='so.cuo.platform.admob:Admob/IAB_BANNER' type='so.cuo.platform.admob:AdmobSize' isStatic='true' isConst='true' defaultValue='unknown' >
<description><![CDATA[banner size 468,60]]></description>
</field>
<field name='IAB_LEADERBOARD' fullname='so.cuo.platform.admob:Admob/IAB_LEADERBOARD' type='so.cuo.platform.admob:AdmobSize' isStatic='true' isConst='true' defaultValue='unknown' >
<description><![CDATA[banner size 728,90]]></description>
</field>
<field name='IAB_MRECT' fullname='so.cuo.platform.admob:Admob/IAB_MRECT' type='so.cuo.platform.admob:AdmobSize' isStatic='true' isConst='true' defaultValue='unknown' >
<description><![CDATA[banner size 300,250]]></description>
</field>
<field name='IAB_WIDE_SKYSCRAPER' fullname='so.cuo.platform.admob:Admob/IAB_WIDE_SKYSCRAPER' type='so.cuo.platform.admob:AdmobSize' isStatic='true' isConst='true' defaultValue='unknown' >
<description><![CDATA[banner size 160,600]]></description>
</field>
<field name='IPAD_LANDSCAPE' fullname='so.cuo.platform.admob:Admob/IPAD_LANDSCAPE' type='so.cuo.platform.admob:AdmobSize' isStatic='true' isConst='true' defaultValue='unknown' >
<description><![CDATA[iPads in Landscape 1024,90]]></description>
</field>
<field name='IPAD_PORTRAIT' fullname='so.cuo.platform.admob:Admob/IPAD_PORTRAIT' type='so.cuo.platform.admob:AdmobSize' isStatic='true' isConst='true' defaultValue='unknown' >
<description><![CDATA[iPads in Portrait768,90]]></description>
</field>
<field name='IPHONE_LANDSCAPE' fullname='so.cuo.platform.admob:Admob/IPHONE_LANDSCAPE' type='so.cuo.platform.admob:AdmobSize' isStatic='true' isConst='true' defaultValue='unknown' >
<description><![CDATA[iPhones in Landscape 480,32]]></description>
</field>
<field name='SMART_BANNER' fullname='so.cuo.platform.admob:Admob/SMART_BANNER' type='so.cuo.platform.admob:AdmobSize' isStatic='true' isConst='true' defaultValue='unknown' >
<description><![CDATA[Smart Banners are new ad units (as of v6.0.0)

		 that will render screen-wide banner ads

		 on any screen size across different devices in either orientation.

		  Smart Banners help deal with increasing screen fragmentation

		 across different devices by "smartly" detecting the width of the phone

		 in its current orientation, and making the ad view that size. ]]></description>
</field>
<field name='bannerKey' fullname='so.cuo.platform.admob:Admob/protected:bannerKey' type='String' isStatic='false' isConst='false' >
</field>
<field name='enableTrace' fullname='so.cuo.platform.admob:Admob/enableTrace' type='Boolean' isStatic='false' isConst='false' defaultValue='true' >
<description><![CDATA[if true ane will log out status ]]></description>
</field>
<field name='extensionContext' fullname='so.cuo.platform.admob:Admob/protected:extensionContext' type='flash.external:ExtensionContext' isStatic='false' isConst='false' defaultValue='null' >
</field>
<field name='hasInterstitialInited' fullname='so.cuo.platform.admob:Admob/private:hasInterstitialInited' type='Boolean' isStatic='false' isConst='false' defaultValue='false' >
</field>
<field name='instance' fullname='so.cuo.platform.admob:Admob/private:instance' type='so.cuo.platform.admob:Admob' isStatic='true' isConst='false' >
</field>
<field name='interstitialKey' fullname='so.cuo.platform.admob:Admob/protected:interstitialKey' type='String' isStatic='false' isConst='false' >
</field>
<field name='lastBannerSize' fullname='so.cuo.platform.admob:Admob/protected:lastBannerSize' type='so.cuo.platform.admob:AdmobSize' isStatic='false' isConst='false' >
</field>
<field name='screen' fullname='so.cuo.platform.admob:Admob/private:screen' type='Object' isStatic='false' isConst='false' >
</field>
<field name='testDevice' fullname='so.cuo.platform.admob:Admob/protected:testDevice' type='String' isStatic='false' isConst='false' defaultValue='' >
</field>
</asdoc>
