<?xml version="1.0" encoding="UTF-8"?>
<allClasses>
   <apiPackage id="so.cuo.platform.admob">
      <apiName>so.cuo.platform.admob</apiName>
      <apiDetail/>
      <apiClassifier id="so.cuo.platform.admob:AdmobEvent">
         <apiName>AdmobEvent</apiName>
         <shortdesc>
	 ad event 
	 ref  https://developers.google.com/mobile-ads-sdk/docs/admob/intermediate
	 </shortdesc>
         <prolog>
            <asMetadata/>
         </prolog>
            <meta name="keywords"
               content="AdmobEvent,so.cuo.platform.admob.AdmobEvent,BANNER_300X250,BANNER_320x100,BANNER_320x50,BANNER_468X60,BANNER_728X90,BANNER_STANDARD,BOTTOM_CENTER,BOTTOM_LEFT,BOTTOM_RIGHT,ERROR_CODE_ERNAL_ERROR,ERROR_CODE_INVALID_REQUEST,ERROR_CODE_NETWORK_ERROR,ERROR_CODE_NO_FILL,MIDDLE_CENTER,MIDDLE_LEFT,MIDDLE_RIGHT,SMART_BANNER,TOP_CENTER,TOP_LEFT,TOP_RIGHT,_height,_width,birthday,contentUrl,data,defaultBannerName,defaultNativeBannerName,enableTrace,gender,height,instanceName,isChildApp,keyWord,onBannerDismiss,onBannerFailedReceive,onBannerLeaveApplication,onBannerPresent,onBannerReceive,onInterstitialDismiss,onInterstitialFailedReceive,onInterstitialLeaveApplication,onInterstitialPresent,onInterstitialReceive,onNativeBannerDismiss,onNativeBannerFailed,onNativeBannerLeaveApplication,onNativeBannerPresent,onNativeBannerReceive,supportDevice,testDeviceID,version,width"/>
         <apiClassifierDetail>
            <apiClassifierDef>
               <apiAccess value="public"/>
               <apiStatic/>
               <apiBaseClassifier>flash.events:Event</apiBaseClassifier>
            </apiClassifierDef>
            <apiDesc>
	 ad event 
	 ref  https://developers.google.com/mobile-ads-sdk/docs/admob/intermediate
	 </apiDesc>
            <Inheritancelist>
               <BaseInterface/>
               <Inheritance>
                  <Inherit id="flash.events:Event"/>
               </Inheritance>
               <Implements/>
               <Subclasses/>
               <Implementors/>
               <Excludes/>
            </Inheritancelist>
         </apiClassifierDetail>
      </apiClassifier>
      <apiClassifier id="so.cuo.platform.admob:Admob">
         <apiName>Admob</apiName>
         <shortdesc>
	 
	 </shortdesc>
         <prolog>
            <author>Administrator
	 </author>
            <asMetadata/>
         </prolog>
            <meta name="keywords"
               content="Admob,so.cuo.platform.admob.Admob,BANNER_300X250,BANNER_320x100,BANNER_320x50,BANNER_468X60,BANNER_728X90,BANNER_STANDARD,BOTTOM_CENTER,BOTTOM_LEFT,BOTTOM_RIGHT,ERROR_CODE_ERNAL_ERROR,ERROR_CODE_INVALID_REQUEST,ERROR_CODE_NETWORK_ERROR,ERROR_CODE_NO_FILL,MIDDLE_CENTER,MIDDLE_LEFT,MIDDLE_RIGHT,SMART_BANNER,TOP_CENTER,TOP_LEFT,TOP_RIGHT,_height,_width,birthday,contentUrl,data,defaultBannerName,defaultNativeBannerName,enableTrace,gender,height,instanceName,isChildApp,keyWord,onBannerDismiss,onBannerFailedReceive,onBannerLeaveApplication,onBannerPresent,onBannerReceive,onInterstitialDismiss,onInterstitialFailedReceive,onInterstitialLeaveApplication,onInterstitialPresent,onInterstitialReceive,onNativeBannerDismiss,onNativeBannerFailed,onNativeBannerLeaveApplication,onNativeBannerPresent,onNativeBannerReceive,supportDevice,testDeviceID,version,width,cacheInterstitial,dispose,equals,errorDesString,errorString,getInstance,getScreenSize,hideBanner,hideNativeBanner,isInterstitialReady,setKeys,setLocation,showBannerAbsolute,showBanner,showInterstitial,showNativeBanner,showNativeBannerAbsolute,toString"/>
         <apiClassifierDetail>
            <apiClassifierDef>
               <apiAccess value="public"/>
               <apiStatic/>
               <apiBaseClassifier>flash.events:EventDispatcher</apiBaseClassifier>
            </apiClassifierDef>
            <apiDesc>
	 
	 </apiDesc>
            <Inheritancelist>
               <BaseInterface/>
               <Inheritance>
                  <Inherit id="flash.events:EventDispatcher"/>
               </Inheritance>
               <Implements/>
               <Subclasses/>
               <Implementors/>
               <Excludes/>
            </Inheritancelist>
         </apiClassifierDetail>
      </apiClassifier>
      <apiClassifier id="so.cuo.platform.admob:AdmobError">
         <apiName>AdmobError</apiName>
         <shortdesc/>
         <prolog>
            <asMetadata/>
         </prolog>
            <meta name="keywords"
               content="AdmobError,so.cuo.platform.admob.AdmobError,BANNER_300X250,BANNER_320x100,BANNER_320x50,BANNER_468X60,BANNER_728X90,BANNER_STANDARD,BOTTOM_CENTER,BOTTOM_LEFT,BOTTOM_RIGHT,ERROR_CODE_ERNAL_ERROR,ERROR_CODE_INVALID_REQUEST,ERROR_CODE_NETWORK_ERROR,ERROR_CODE_NO_FILL,MIDDLE_CENTER,MIDDLE_LEFT,MIDDLE_RIGHT,SMART_BANNER,TOP_CENTER,TOP_LEFT,TOP_RIGHT,_height,_width,birthday,contentUrl,data,defaultBannerName,defaultNativeBannerName,enableTrace,gender,height,instanceName,isChildApp,keyWord,onBannerDismiss,onBannerFailedReceive,onBannerLeaveApplication,onBannerPresent,onBannerReceive,onInterstitialDismiss,onInterstitialFailedReceive,onInterstitialLeaveApplication,onInterstitialPresent,onInterstitialReceive,onNativeBannerDismiss,onNativeBannerFailed,onNativeBannerLeaveApplication,onNativeBannerPresent,onNativeBannerReceive,supportDevice,testDeviceID,version,width,cacheInterstitial,dispose,equals,errorDesString,errorString,getInstance,getScreenSize,hideBanner,hideNativeBanner,isInterstitialReady,setKeys,setLocation,showBannerAbsolute,showBanner,showInterstitial,showNativeBanner,showNativeBannerAbsolute,toString"/>
         <apiClassifierDetail>
            <apiClassifierDef>
               <apiAccess value="public"/>
               <apiStatic/>
               <apiBaseClassifier>Object</apiBaseClassifier>
            </apiClassifierDef>
            <Inheritancelist>
               <BaseInterface/>
               <Inheritance>
                  <Inherit id="Object"/>
               </Inheritance>
               <Implements/>
               <Subclasses/>
               <Implementors/>
               <Excludes/>
            </Inheritancelist>
         </apiClassifierDetail>
      </apiClassifier>
      <apiClassifier id="so.cuo.platform.admob:AdmobPosition">
         <apiName>AdmobPosition</apiName>
         <shortdesc> banner ad position; relation position consts</shortdesc>
         <prolog>
            <asMetadata/>
         </prolog>
            <meta name="keywords"
               content="AdmobPosition,so.cuo.platform.admob.AdmobPosition,BANNER_300X250,BANNER_320x100,BANNER_320x50,BANNER_468X60,BANNER_728X90,BANNER_STANDARD,BOTTOM_CENTER,BOTTOM_LEFT,BOTTOM_RIGHT,ERROR_CODE_ERNAL_ERROR,ERROR_CODE_INVALID_REQUEST,ERROR_CODE_NETWORK_ERROR,ERROR_CODE_NO_FILL,MIDDLE_CENTER,MIDDLE_LEFT,MIDDLE_RIGHT,SMART_BANNER,TOP_CENTER,TOP_LEFT,TOP_RIGHT,_height,_width,birthday,contentUrl,data,defaultBannerName,defaultNativeBannerName,enableTrace,gender,height,instanceName,isChildApp,keyWord,onBannerDismiss,onBannerFailedReceive,onBannerLeaveApplication,onBannerPresent,onBannerReceive,onInterstitialDismiss,onInterstitialFailedReceive,onInterstitialLeaveApplication,onInterstitialPresent,onInterstitialReceive,onNativeBannerDismiss,onNativeBannerFailed,onNativeBannerLeaveApplication,onNativeBannerPresent,onNativeBannerReceive,supportDevice,testDeviceID,version,width"/>
         <apiClassifierDetail>
            <apiClassifierDef>
               <apiAccess value="public"/>
               <apiStatic/>
               <apiBaseClassifier>Object</apiBaseClassifier>
            </apiClassifierDef>
            <apiDesc> banner ad position; relation position consts</apiDesc>
            <Inheritancelist>
               <BaseInterface/>
               <Inheritance>
                  <Inherit id="Object"/>
               </Inheritance>
               <Implements/>
               <Subclasses/>
               <Implementors/>
               <Excludes/>
            </Inheritancelist>
         </apiClassifierDetail>
      </apiClassifier>
      <apiClassifier id="so.cuo.platform.admob:AdmobSize">
         <apiName>AdmobSize</apiName>
         <shortdesc/>
         <prolog>
            <asMetadata/>
         </prolog>
            <meta name="keywords"
               content="AdmobSize,so.cuo.platform.admob.AdmobSize,BANNER_300X250,BANNER_320x100,BANNER_320x50,BANNER_468X60,BANNER_728X90,BANNER_STANDARD,BOTTOM_CENTER,BOTTOM_LEFT,BOTTOM_RIGHT,ERROR_CODE_ERNAL_ERROR,ERROR_CODE_INVALID_REQUEST,ERROR_CODE_NETWORK_ERROR,ERROR_CODE_NO_FILL,MIDDLE_CENTER,MIDDLE_LEFT,MIDDLE_RIGHT,SMART_BANNER,TOP_CENTER,TOP_LEFT,TOP_RIGHT,_height,_width,birthday,contentUrl,data,defaultBannerName,defaultNativeBannerName,enableTrace,gender,height,instanceName,isChildApp,keyWord,onBannerDismiss,onBannerFailedReceive,onBannerLeaveApplication,onBannerPresent,onBannerReceive,onInterstitialDismiss,onInterstitialFailedReceive,onInterstitialLeaveApplication,onInterstitialPresent,onInterstitialReceive,onNativeBannerDismiss,onNativeBannerFailed,onNativeBannerLeaveApplication,onNativeBannerPresent,onNativeBannerReceive,supportDevice,testDeviceID,version,width,cacheInterstitial,dispose,equals,errorDesString,errorString,getInstance,getScreenSize,hideBanner,hideNativeBanner,isInterstitialReady,setKeys,setLocation,showBannerAbsolute,showBanner,showInterstitial,showNativeBanner,showNativeBannerAbsolute,toString"/>
         <apiClassifierDetail>
            <apiClassifierDef>
               <apiAccess value="public"/>
               <apiStatic/>
               <apiBaseClassifier>Object</apiBaseClassifier>
            </apiClassifierDef>
            <Inheritancelist>
               <BaseInterface/>
               <Inheritance>
                  <Inherit id="Object"/>
               </Inheritance>
               <Implements/>
               <Subclasses/>
               <Implementors/>
               <Excludes/>
            </Inheritancelist>
         </apiClassifierDetail>
      </apiClassifier>
      <apiClassifier id="so.cuo.platform.admob:ExtraParameter">
         <apiName>ExtraParameter</apiName>
         <shortdesc>
  extra parameter to control admob request,such as if you are testing ,is this app made for child .</shortdesc>
         <prolog>
            <asMetadata/>
         </prolog>
            <meta name="keywords"
               content="ExtraParameter,so.cuo.platform.admob.ExtraParameter,BANNER_300X250,BANNER_320x100,BANNER_320x50,BANNER_468X60,BANNER_728X90,BANNER_STANDARD,BOTTOM_CENTER,BOTTOM_LEFT,BOTTOM_RIGHT,ERROR_CODE_ERNAL_ERROR,ERROR_CODE_INVALID_REQUEST,ERROR_CODE_NETWORK_ERROR,ERROR_CODE_NO_FILL,MIDDLE_CENTER,MIDDLE_LEFT,MIDDLE_RIGHT,SMART_BANNER,TOP_CENTER,TOP_LEFT,TOP_RIGHT,_height,_width,birthday,contentUrl,data,defaultBannerName,defaultNativeBannerName,enableTrace,gender,height,instanceName,isChildApp,keyWord,onBannerDismiss,onBannerFailedReceive,onBannerLeaveApplication,onBannerPresent,onBannerReceive,onInterstitialDismiss,onInterstitialFailedReceive,onInterstitialLeaveApplication,onInterstitialPresent,onInterstitialReceive,onNativeBannerDismiss,onNativeBannerFailed,onNativeBannerLeaveApplication,onNativeBannerPresent,onNativeBannerReceive,supportDevice,testDeviceID,version,width,cacheInterstitial,dispose,equals,errorDesString,errorString,getInstance,getScreenSize,hideBanner,hideNativeBanner,isInterstitialReady,setKeys,setLocation,showBannerAbsolute,showBanner,showInterstitial,showNativeBanner,showNativeBannerAbsolute,toString"/>
         <apiClassifierDetail>
            <apiClassifierDef>
               <apiAccess value="public"/>
               <apiStatic/>
               <apiBaseClassifier>Object</apiBaseClassifier>
            </apiClassifierDef>
            <apiDesc>
  extra parameter to control admob request,such as if you are testing ,is this app made for child .
 just set property that you want to change the default value. 
 more info about the parameter can found https://developers.google.com/mobile-ads-sdk/docs/admob/additional-controls#play-coppa
 </apiDesc>
            <Inheritancelist>
               <BaseInterface/>
               <Inheritance>
                  <Inherit id="Object"/>
               </Inheritance>
               <Implements/>
               <Subclasses/>
               <Implementors/>
               <Excludes/>
            </Inheritancelist>
         </apiClassifierDetail>
      </apiClassifier>
   </apiPackage>
</allClasses>