<?xml version="1.0" encoding="UTF-8"?>
<allClasses>
   <apiPackage id="so.cuo.platform.admob">
      <apiName>so.cuo.platform.admob</apiName>
      <apiClassifier id="so.cuo.platform.admob:AdmobEvent">
         <apiName>AdmobEvent</apiName>
         <shortdesc>
	 ad event 
	 ref  https://developers.google.com/mobile-ads-sdk/docs/admob/intermediate
	 </shortdesc>
         <apiClassifierDetail>
            <apiClassifierDef>
               <apiAccess value="public"/>
               <apiStatic/>
               <apiBaseClassifier>flash.events:Event</apiBaseClassifier>
            </apiClassifierDef>
         </apiClassifierDetail>
         <apiDesc>
	 ad event 
	 ref  https://developers.google.com/mobile-ads-sdk/docs/admob/intermediate
	 </apiDesc>
      </apiClassifier>
      <apiClassifier id="so.cuo.platform.admob:Admob">
         <apiName>Admob</apiName>
         <shortdesc>
	 
	 </shortdesc>
         <apiClassifierDetail>
            <apiClassifierDef>
               <apiAccess value="public"/>
               <apiStatic/>
               <apiBaseClassifier>flash.events:EventDispatcher</apiBaseClassifier>
            </apiClassifierDef>
         </apiClassifierDetail>
         <apiDesc>
	 
	 </apiDesc>
         <adobeApiEvent id="so.cuo.platform.admob:Admob_so.cuo.platform.admob.AdmobEvent_onInterstitialReceive">
            <apiName>onInterstitialReceive</apiName>
            <shortdesc/>
            <prolog/>
            <adobeApiEventDetail>
               <adobeApiEventDef>
                  <adobeApiEventClassifier>so.cuo.platform.admob.AdmobEvent</adobeApiEventClassifier>
                  <apiGeneratedEvent/>
               </adobeApiEventDef>
               <apiDesc/>
            </adobeApiEventDetail>
         </adobeApiEvent>
         <adobeApiEvent id="so.cuo.platform.admob:Admob_so.cuo.platform.admob.AdmobEvent_onInterstitialPresent">
            <apiName>onInterstitialPresent</apiName>
            <shortdesc/>
            <prolog/>
            <adobeApiEventDetail>
               <adobeApiEventDef>
                  <adobeApiEventClassifier>so.cuo.platform.admob.AdmobEvent</adobeApiEventClassifier>
                  <apiGeneratedEvent/>
               </adobeApiEventDef>
               <apiDesc/>
            </adobeApiEventDetail>
         </adobeApiEvent>
         <adobeApiEvent id="so.cuo.platform.admob:Admob_so.cuo.platform.admob.AdmobEvent_onInterstitialLeaveApplication">
            <apiName>onInterstitialLeaveApplication</apiName>
            <shortdesc/>
            <prolog/>
            <adobeApiEventDetail>
               <adobeApiEventDef>
                  <adobeApiEventClassifier>so.cuo.platform.admob.AdmobEvent</adobeApiEventClassifier>
                  <apiGeneratedEvent/>
               </adobeApiEventDef>
               <apiDesc/>
            </adobeApiEventDetail>
         </adobeApiEvent>
         <adobeApiEvent id="so.cuo.platform.admob:Admob_so.cuo.platform.admob.AdmobEvent_onInterstitialFailedReceive">
            <apiName>onInterstitialFailedReceive</apiName>
            <shortdesc/>
            <prolog/>
            <adobeApiEventDetail>
               <adobeApiEventDef>
                  <adobeApiEventClassifier>so.cuo.platform.admob.AdmobEvent</adobeApiEventClassifier>
                  <apiGeneratedEvent/>
               </adobeApiEventDef>
               <apiDesc/>
            </adobeApiEventDetail>
         </adobeApiEvent>
         <adobeApiEvent id="so.cuo.platform.admob:Admob_so.cuo.platform.admob.AdmobEvent_onInterstitialDismiss">
            <apiName>onInterstitialDismiss</apiName>
            <shortdesc/>
            <prolog/>
            <adobeApiEventDetail>
               <adobeApiEventDef>
                  <adobeApiEventClassifier>so.cuo.platform.admob.AdmobEvent</adobeApiEventClassifier>
                  <apiGeneratedEvent/>
               </adobeApiEventDef>
               <apiDesc/>
            </adobeApiEventDetail>
         </adobeApiEvent>
         <adobeApiEvent id="so.cuo.platform.admob:Admob_so.cuo.platform.admob.AdmobEvent_onBannerReceive">
            <apiName>onBannerReceive</apiName>
            <shortdesc/>
            <prolog/>
            <adobeApiEventDetail>
               <adobeApiEventDef>
                  <adobeApiEventClassifier>so.cuo.platform.admob.AdmobEvent</adobeApiEventClassifier>
                  <apiGeneratedEvent/>
               </adobeApiEventDef>
               <apiDesc/>
            </adobeApiEventDetail>
         </adobeApiEvent>
         <adobeApiEvent id="so.cuo.platform.admob:Admob_so.cuo.platform.admob.AdmobEvent_onBannerPresent">
            <apiName>onBannerPresent</apiName>
            <shortdesc/>
            <prolog/>
            <adobeApiEventDetail>
               <adobeApiEventDef>
                  <adobeApiEventClassifier>so.cuo.platform.admob.AdmobEvent</adobeApiEventClassifier>
                  <apiGeneratedEvent/>
               </adobeApiEventDef>
               <apiDesc/>
            </adobeApiEventDetail>
         </adobeApiEvent>
         <adobeApiEvent id="so.cuo.platform.admob:Admob_so.cuo.platform.admob.AdmobEvent_onBannerLeaveApplication">
            <apiName>onBannerLeaveApplication</apiName>
            <shortdesc/>
            <prolog/>
            <adobeApiEventDetail>
               <adobeApiEventDef>
                  <adobeApiEventClassifier>so.cuo.platform.admob.AdmobEvent</adobeApiEventClassifier>
                  <apiGeneratedEvent/>
               </adobeApiEventDef>
               <apiDesc/>
            </adobeApiEventDetail>
         </adobeApiEvent>
         <adobeApiEvent id="so.cuo.platform.admob:Admob_so.cuo.platform.admob.AdmobEvent_onBannerFailedReceive">
            <apiName>onBannerFailedReceive</apiName>
            <shortdesc/>
            <prolog/>
            <adobeApiEventDetail>
               <adobeApiEventDef>
                  <adobeApiEventClassifier>so.cuo.platform.admob.AdmobEvent</adobeApiEventClassifier>
                  <apiGeneratedEvent/>
               </adobeApiEventDef>
               <apiDesc/>
            </adobeApiEventDetail>
         </adobeApiEvent>
         <adobeApiEvent id="so.cuo.platform.admob:Admob_so.cuo.platform.admob.AdmobEvent_onBannerDismiss">
            <apiName>onBannerDismiss</apiName>
            <shortdesc/>
            <prolog/>
            <adobeApiEventDetail>
               <adobeApiEventDef>
                  <adobeApiEventClassifier>so.cuo.platform.admob.AdmobEvent</adobeApiEventClassifier>
                  <apiGeneratedEvent/>
               </adobeApiEventDef>
               <apiDesc/>
            </adobeApiEventDetail>
         </adobeApiEvent>
         <adobeApiEvent id="so.cuo.platform.admob:Admob_so.cuo.platform.admob.AdmobEvent_onNativeBannerLeaveApplication">
            <apiName>onNativeBannerLeaveApplication</apiName>
            <shortdesc/>
            <prolog/>
            <adobeApiEventDetail>
               <adobeApiEventDef>
                  <adobeApiEventClassifier>so.cuo.platform.admob.AdmobEvent</adobeApiEventClassifier>
                  <apiGeneratedEvent/>
               </adobeApiEventDef>
               <apiDesc/>
            </adobeApiEventDetail>
         </adobeApiEvent>
         <adobeApiEvent id="so.cuo.platform.admob:Admob_so.cuo.platform.admob.AdmobEvent_onNativeBannerDismiss">
            <apiName>onNativeBannerDismiss</apiName>
            <shortdesc/>
            <prolog/>
            <adobeApiEventDetail>
               <adobeApiEventDef>
                  <adobeApiEventClassifier>so.cuo.platform.admob.AdmobEvent</adobeApiEventClassifier>
                  <apiGeneratedEvent/>
               </adobeApiEventDef>
               <apiDesc/>
            </adobeApiEventDetail>
         </adobeApiEvent>
         <adobeApiEvent id="so.cuo.platform.admob:Admob_so.cuo.platform.admob.AdmobEvent_onNativeBannerPresent">
            <apiName>onNativeBannerPresent</apiName>
            <shortdesc/>
            <prolog/>
            <adobeApiEventDetail>
               <adobeApiEventDef>
                  <adobeApiEventClassifier>so.cuo.platform.admob.AdmobEvent</adobeApiEventClassifier>
                  <apiGeneratedEvent/>
               </adobeApiEventDef>
               <apiDesc/>
            </adobeApiEventDetail>
         </adobeApiEvent>
         <adobeApiEvent id="so.cuo.platform.admob:Admob_so.cuo.platform.admob.AdmobEvent_onNativeBannerFailed">
            <apiName>onNativeBannerFailed</apiName>
            <shortdesc/>
            <prolog/>
            <adobeApiEventDetail>
               <adobeApiEventDef>
                  <adobeApiEventClassifier>so.cuo.platform.admob.AdmobEvent</adobeApiEventClassifier>
                  <apiGeneratedEvent/>
               </adobeApiEventDef>
               <apiDesc/>
            </adobeApiEventDetail>
         </adobeApiEvent>
         <adobeApiEvent id="so.cuo.platform.admob:Admob_so.cuo.platform.admob.AdmobEvent_onNativeBannerReceive">
            <apiName>onNativeBannerReceive</apiName>
            <shortdesc/>
            <prolog/>
            <adobeApiEventDetail>
               <adobeApiEventDef>
                  <adobeApiEventClassifier>so.cuo.platform.admob.AdmobEvent</adobeApiEventClassifier>
                  <apiGeneratedEvent/>
               </adobeApiEventDef>
               <apiDesc/>
            </adobeApiEventDetail>
         </adobeApiEvent>
      </apiClassifier>
      <apiClassifier id="so.cuo.platform.admob:AdmobError">
         <apiName>AdmobError</apiName>
         <shortdesc/>
         <apiClassifierDetail>
            <apiClassifierDef>
               <apiAccess value="public"/>
               <apiStatic/>
               <apiBaseClassifier>Object</apiBaseClassifier>
            </apiClassifierDef>
         </apiClassifierDetail>
      </apiClassifier>
      <apiClassifier id="so.cuo.platform.admob:AdmobPosition">
         <apiName>AdmobPosition</apiName>
         <shortdesc> banner ad position; relation position consts</shortdesc>
         <apiClassifierDetail>
            <apiClassifierDef>
               <apiAccess value="public"/>
               <apiStatic/>
               <apiBaseClassifier>Object</apiBaseClassifier>
            </apiClassifierDef>
         </apiClassifierDetail>
         <apiDesc> banner ad position; relation position consts</apiDesc>
      </apiClassifier>
      <apiClassifier id="so.cuo.platform.admob:AdmobSize">
         <apiName>AdmobSize</apiName>
         <shortdesc/>
         <apiClassifierDetail>
            <apiClassifierDef>
               <apiAccess value="public"/>
               <apiStatic/>
               <apiBaseClassifier>Object</apiBaseClassifier>
            </apiClassifierDef>
         </apiClassifierDetail>
      </apiClassifier>
      <apiClassifier id="so.cuo.platform.admob:ExtraParameter">
         <apiName>ExtraParameter</apiName>
         <shortdesc>
  extra parameter to control admob request,such as if you are testing ,is this app made for child .</shortdesc>
         <apiClassifierDetail>
            <apiClassifierDef>
               <apiAccess value="public"/>
               <apiStatic/>
               <apiBaseClassifier>Object</apiBaseClassifier>
            </apiClassifierDef>
         </apiClassifierDetail>
         <apiDesc>
  extra parameter to control admob request,such as if you are testing ,is this app made for child .
 just set property that you want to change the default value. 
 more info about the parameter can found https://developers.google.com/mobile-ads-sdk/docs/admob/additional-controls#play-coppa
 </apiDesc>
      </apiClassifier>
   </apiPackage>
</allClasses>