<?xml version="1.0" encoding="UTF-8"?><allClasses><apiPackage id="so.cuo.platform.admob"><apiName>so.cuo.platform.admob</apiName><apiClassifier id="so.cuo.platform.admob:AdmobEvent"><apiName>AdmobEvent</apiName><shortdesc>
	 ad event 
	 ref  https://developers.google.com/mobile-ads-sdk/docs/admob/intermediate
	 </shortdesc><prolog><asMetadata/></prolog><apiClassifierDetail><apiClassifierDef><apiAccess value="public"/><apiStatic/><apiBaseClassifier>flash.events:Event</apiBaseClassifier></apiClassifierDef><apiDesc>
	 ad event 
	 ref  https://developers.google.com/mobile-ads-sdk/docs/admob/intermediate
	 </apiDesc></apiClassifierDetail><apiValue id="so.cuo.platform.admob:AdmobEvent:data"><apiName>data</apiName><shortdesc/><prolog/><apiValueDetail><apiValueDef><apiProperty/><apiAccess value="public"/><apiDynamic/><apiType value="Object"/></apiValueDef></apiValueDetail></apiValue><apiValue id="so.cuo.platform.admob:AdmobEvent:instanceName"><apiName>instanceName</apiName><shortdesc/><prolog/><apiValueDetail><apiValueDef><apiProperty/><apiAccess value="public"/><apiDynamic/><apiType value="String"/></apiValueDef></apiValueDetail></apiValue><apiValue id="so.cuo.platform.admob:AdmobEvent:onBannerDismiss"><apiName>onBannerDismiss</apiName><shortdesc>
		 Event which will be fired when  ad is clicked  and not leave app.</shortdesc><prolog/><apiValueDetail><apiValueDef><apiAccess value="public"/><apiStatic/><apiData>onBannerDismiss</apiData><apiType value="String"/></apiValueDef><apiDesc>
		 Event which will be fired when  ad is clicked  and not leave app. will show a full screen in app ad
		 </apiDesc></apiValueDetail></apiValue><apiValue id="so.cuo.platform.admob:AdmobEvent:onBannerFailedReceive"><apiName>onBannerFailedReceive</apiName><shortdesc>
		 vent which will be fired when fail to receive ad
		 </shortdesc><prolog/><apiValueDetail><apiValueDef><apiAccess value="public"/><apiStatic/><apiData>onBannerFailedReceive</apiData><apiType value="String"/></apiValueDef><apiDesc>
		 vent which will be fired when fail to receive ad
		 </apiDesc></apiValueDetail></apiValue><apiValue id="so.cuo.platform.admob:AdmobEvent:onBannerLeaveApplication"><apiName>onBannerLeaveApplication</apiName><shortdesc>
		 Event which will be fired when ad clicked and will leave app.</shortdesc><prolog/><apiValueDetail><apiValueDef><apiAccess value="public"/><apiStatic/><apiData>onBannerLeaveApplication</apiData><apiType value="String"/></apiValueDef><apiDesc>
		 Event which will be fired when ad clicked and will leave app.
		 </apiDesc></apiValueDetail></apiValue><apiValue id="so.cuo.platform.admob:AdmobEvent:onBannerPresent"><apiName>onBannerPresent</apiName><shortdesc>
		 Event which will be fired when ad will been add to screen.</shortdesc><prolog/><apiValueDetail><apiValueDef><apiAccess value="public"/><apiStatic/><apiData>onBannerPresent</apiData><apiType value="String"/></apiValueDef><apiDesc>
		 Event which will be fired when ad will been add to screen.
		 </apiDesc></apiValueDetail></apiValue><apiValue id="so.cuo.platform.admob:AdmobEvent:onBannerReceive"><apiName>onBannerReceive</apiName><shortdesc>
		 Event which will be fired when ad received success 
		 </shortdesc><prolog/><apiValueDetail><apiValueDef><apiAccess value="public"/><apiStatic/><apiData>onBannerReceive</apiData><apiType value="String"/></apiValueDef><apiDesc>
		 Event which will be fired when ad received success 
		 </apiDesc></apiValueDetail></apiValue><apiValue id="so.cuo.platform.admob:AdmobEvent:onInterstitialDismiss"><apiName>onInterstitialDismiss</apiName><shortdesc>
		 Event which will be fired when  ad is clicked  and not leave app.</shortdesc><prolog/><apiValueDetail><apiValueDef><apiAccess value="public"/><apiStatic/><apiData>onInterstitialDismiss</apiData><apiType value="String"/></apiValueDef><apiDesc>
		 Event which will be fired when  ad is clicked  and not leave app. will show a full screen in app ad
		 </apiDesc></apiValueDetail></apiValue><apiValue id="so.cuo.platform.admob:AdmobEvent:onInterstitialFailedReceive"><apiName>onInterstitialFailedReceive</apiName><shortdesc>
		 vent which will be fired when fail to receive ad
		 </shortdesc><prolog/><apiValueDetail><apiValueDef><apiAccess value="public"/><apiStatic/><apiData>onInterstitialFailedReceive</apiData><apiType value="String"/></apiValueDef><apiDesc>
		 vent which will be fired when fail to receive ad
		 </apiDesc></apiValueDetail></apiValue><apiValue id="so.cuo.platform.admob:AdmobEvent:onInterstitialLeaveApplication"><apiName>onInterstitialLeaveApplication</apiName><shortdesc>
		 Event which will be fired when ad clicked and will leave app.</shortdesc><prolog/><apiValueDetail><apiValueDef><apiAccess value="public"/><apiStatic/><apiData>onInterstitialLeaveApplication</apiData><apiType value="String"/></apiValueDef><apiDesc>
		 Event which will be fired when ad clicked and will leave app.
		 </apiDesc></apiValueDetail></apiValue><apiValue id="so.cuo.platform.admob:AdmobEvent:onInterstitialPresent"><apiName>onInterstitialPresent</apiName><shortdesc>
		 Event which will be fired when ad will been add to screen.</shortdesc><prolog/><apiValueDetail><apiValueDef><apiAccess value="public"/><apiStatic/><apiData>onInterstitialPresent</apiData><apiType value="String"/></apiValueDef><apiDesc>
		 Event which will be fired when ad will been add to screen.
		 </apiDesc></apiValueDetail></apiValue><apiValue id="so.cuo.platform.admob:AdmobEvent:onInterstitialReceive"><apiName>onInterstitialReceive</apiName><shortdesc>
		 Event which will be fired when ad received success 
		 </shortdesc><prolog/><apiValueDetail><apiValueDef><apiAccess value="public"/><apiStatic/><apiData>onInterstitialReceive</apiData><apiType value="String"/></apiValueDef><apiDesc>
		 Event which will be fired when ad received success 
		 </apiDesc></apiValueDetail></apiValue><apiValue id="so.cuo.platform.admob:AdmobEvent:onNativeBannerDismiss"><apiName>onNativeBannerDismiss</apiName><shortdesc/><prolog/><apiValueDetail><apiValueDef><apiAccess value="public"/><apiStatic/><apiData>onNativeBannerDismiss</apiData><apiType value="String"/></apiValueDef></apiValueDetail></apiValue><apiValue id="so.cuo.platform.admob:AdmobEvent:onNativeBannerFailed"><apiName>onNativeBannerFailed</apiName><shortdesc/><prolog/><apiValueDetail><apiValueDef><apiAccess value="public"/><apiStatic/><apiData>onNativeBannerFailed</apiData><apiType value="String"/></apiValueDef></apiValueDetail></apiValue><apiValue id="so.cuo.platform.admob:AdmobEvent:onNativeBannerLeaveApplication"><apiName>onNativeBannerLeaveApplication</apiName><shortdesc/><prolog/><apiValueDetail><apiValueDef><apiAccess value="public"/><apiStatic/><apiData>onNativeBannerLeaveApplication</apiData><apiType value="String"/></apiValueDef></apiValueDetail></apiValue><apiValue id="so.cuo.platform.admob:AdmobEvent:onNativeBannerPresent"><apiName>onNativeBannerPresent</apiName><shortdesc/><prolog/><apiValueDetail><apiValueDef><apiAccess value="public"/><apiStatic/><apiData>onNativeBannerPresent</apiData><apiType value="String"/></apiValueDef></apiValueDetail></apiValue><apiValue id="so.cuo.platform.admob:AdmobEvent:onNativeBannerReceive"><apiName>onNativeBannerReceive</apiName><shortdesc/><prolog/><apiValueDetail><apiValueDef><apiAccess value="public"/><apiStatic/><apiData>onNativeBannerReceive</apiData><apiType value="String"/></apiValueDef></apiValueDetail></apiValue></apiClassifier><apiClassifier id="so.cuo.platform.admob:Admob"><apiName>Admob</apiName><shortdesc>
	 
	 </shortdesc><prolog><author>Administrator
	 </author><asMetadata/></prolog><apiClassifierDetail><apiClassifierDef><apiAccess value="public"/><apiStatic/><apiBaseClassifier>flash.events:EventDispatcher</apiBaseClassifier></apiClassifierDef><apiDesc>
	 
	 </apiDesc></apiClassifierDetail><apiValue id="so.cuo.platform.admob:Admob:defaultBannerName"><apiName>defaultBannerName</apiName><shortdesc/><prolog/><apiValueDetail><apiValueDef><apiAccess value="public"/><apiStatic/><apiData>defaultBannerName</apiData><apiType value="String"/></apiValueDef></apiValueDetail></apiValue><apiValue id="so.cuo.platform.admob:Admob:defaultNativeBannerName"><apiName>defaultNativeBannerName</apiName><shortdesc/><prolog/><apiValueDetail><apiValueDef><apiAccess value="public"/><apiStatic/><apiData>defaultNativeBannerName</apiData><apiType value="String"/></apiValueDef></apiValueDetail></apiValue><apiValue id="so.cuo.platform.admob:Admob:enableTrace"><apiName>enableTrace</apiName><shortdesc/><prolog/><apiValueDetail><apiValueDef><apiProperty/><apiAccess value="public"/><apiDynamic/><apiData>true</apiData><apiType value="Boolean"/></apiValueDef></apiValueDetail></apiValue><apiValue id="so.cuo.platform.admob:Admob:version"><apiName>version</apiName><shortdesc>
		 
		 </shortdesc><prolog/><apiValueDetail><apiValueDef><apiAccess value="public"/><apiStatic/><apiData>admob 20160610 base on ios sdk 7.8.1,android sdk 9.0.8</apiData><apiType value="String"/><apiDefaultValue>
		 </apiDefaultValue></apiValueDef><apiDesc>
		 
		 </apiDesc></apiValueDetail></apiValue><apiValue id="so.cuo.platform.admob:Admob:supportDevice:get"><apiName>supportDevice</apiName><shortdesc> does current device  support  ,support both ios and android now</shortdesc><prolog/><apiValueDetail><apiValueDef><apiProperty/><apiAccess value="public"/><apiDynamic/><apiValueAccess value="read"/><apiType value="Boolean"/></apiValueDef><apiDesc> does current device  support  ,support both ios and android now</apiDesc></apiValueDetail></apiValue></apiClassifier><apiClassifier id="so.cuo.platform.admob:AdmobError"><apiName>AdmobError</apiName><shortdesc/><prolog><asMetadata/></prolog><apiClassifierDetail><apiClassifierDef><apiAccess value="public"/><apiStatic/><apiBaseClassifier>Object</apiBaseClassifier></apiClassifierDef></apiClassifierDetail><apiValue id="so.cuo.platform.admob:AdmobError:ERROR_CODE_ERNAL_ERROR"><apiName>ERROR_CODE_ERNAL_ERROR</apiName><shortdesc/><prolog/><apiValueDetail><apiValueDef><apiAccess value="public"/><apiStatic/><apiData>0</apiData><apiType value="int"/></apiValueDef></apiValueDetail></apiValue><apiValue id="so.cuo.platform.admob:AdmobError:ERROR_CODE_INVALID_REQUEST"><apiName>ERROR_CODE_INVALID_REQUEST</apiName><shortdesc/><prolog/><apiValueDetail><apiValueDef><apiAccess value="public"/><apiStatic/><apiData>1</apiData><apiType value="int"/></apiValueDef></apiValueDetail></apiValue><apiValue id="so.cuo.platform.admob:AdmobError:ERROR_CODE_NETWORK_ERROR"><apiName>ERROR_CODE_NETWORK_ERROR</apiName><shortdesc/><prolog/><apiValueDetail><apiValueDef><apiAccess value="public"/><apiStatic/><apiData>2</apiData><apiType value="int"/></apiValueDef></apiValueDetail></apiValue><apiValue id="so.cuo.platform.admob:AdmobError:ERROR_CODE_NO_FILL"><apiName>ERROR_CODE_NO_FILL</apiName><shortdesc/><prolog/><apiValueDetail><apiValueDef><apiAccess value="public"/><apiStatic/><apiData>3</apiData><apiType value="int"/></apiValueDef></apiValueDetail></apiValue></apiClassifier><apiClassifier id="so.cuo.platform.admob:AdmobPosition"><apiName>AdmobPosition</apiName><shortdesc> banner ad position; relation position consts</shortdesc><prolog><asMetadata/></prolog><apiClassifierDetail><apiClassifierDef><apiAccess value="public"/><apiStatic/><apiBaseClassifier>Object</apiBaseClassifier></apiClassifierDef><apiDesc> banner ad position; relation position consts</apiDesc></apiClassifierDetail><apiValue id="so.cuo.platform.admob:AdmobPosition:BOTTOM_CENTER"><apiName>BOTTOM_CENTER</apiName><shortdesc/><prolog/><apiValueDetail><apiValueDef><apiAccess value="public"/><apiStatic/><apiData>8</apiData><apiType value="int"/></apiValueDef></apiValueDetail></apiValue><apiValue id="so.cuo.platform.admob:AdmobPosition:BOTTOM_LEFT"><apiName>BOTTOM_LEFT</apiName><shortdesc/><prolog/><apiValueDetail><apiValueDef><apiAccess value="public"/><apiStatic/><apiData>7</apiData><apiType value="int"/></apiValueDef></apiValueDetail></apiValue><apiValue id="so.cuo.platform.admob:AdmobPosition:BOTTOM_RIGHT"><apiName>BOTTOM_RIGHT</apiName><shortdesc/><prolog/><apiValueDetail><apiValueDef><apiAccess value="public"/><apiStatic/><apiData>9</apiData><apiType value="int"/></apiValueDef></apiValueDetail></apiValue><apiValue id="so.cuo.platform.admob:AdmobPosition:MIDDLE_CENTER"><apiName>MIDDLE_CENTER</apiName><shortdesc/><prolog/><apiValueDetail><apiValueDef><apiAccess value="public"/><apiStatic/><apiData>5</apiData><apiType value="int"/></apiValueDef></apiValueDetail></apiValue><apiValue id="so.cuo.platform.admob:AdmobPosition:MIDDLE_LEFT"><apiName>MIDDLE_LEFT</apiName><shortdesc/><prolog/><apiValueDetail><apiValueDef><apiAccess value="public"/><apiStatic/><apiData>4</apiData><apiType value="int"/></apiValueDef></apiValueDetail></apiValue><apiValue id="so.cuo.platform.admob:AdmobPosition:MIDDLE_RIGHT"><apiName>MIDDLE_RIGHT</apiName><shortdesc/><prolog/><apiValueDetail><apiValueDef><apiAccess value="public"/><apiStatic/><apiData>6</apiData><apiType value="int"/></apiValueDef></apiValueDetail></apiValue><apiValue id="so.cuo.platform.admob:AdmobPosition:TOP_CENTER"><apiName>TOP_CENTER</apiName><shortdesc/><prolog/><apiValueDetail><apiValueDef><apiAccess value="public"/><apiStatic/><apiData>2</apiData><apiType value="int"/></apiValueDef></apiValueDetail></apiValue><apiValue id="so.cuo.platform.admob:AdmobPosition:TOP_LEFT"><apiName>TOP_LEFT</apiName><shortdesc/><prolog/><apiValueDetail><apiValueDef><apiAccess value="public"/><apiStatic/><apiData>1</apiData><apiType value="int"/></apiValueDef></apiValueDetail></apiValue><apiValue id="so.cuo.platform.admob:AdmobPosition:TOP_RIGHT"><apiName>TOP_RIGHT</apiName><shortdesc/><prolog/><apiValueDetail><apiValueDef><apiAccess value="public"/><apiStatic/><apiData>3</apiData><apiType value="int"/></apiValueDef></apiValueDetail></apiValue></apiClassifier><apiClassifier id="so.cuo.platform.admob:AdmobSize"><apiName>AdmobSize</apiName><shortdesc/><prolog><asMetadata/></prolog><apiClassifierDetail><apiClassifierDef><apiAccess value="public"/><apiStatic/><apiBaseClassifier>Object</apiBaseClassifier></apiClassifierDef></apiClassifierDetail><apiValue id="so.cuo.platform.admob:AdmobSize:BANNER_300X250"><apiName>BANNER_300X250</apiName><shortdesc>banner size 300,250</shortdesc><prolog/><apiValueDetail><apiValueDef><apiAccess value="public"/><apiStatic/><apiData>unknown</apiData><apiValueClassifier>so.cuo.platform.admob:AdmobSize</apiValueClassifier></apiValueDef><apiDesc>banner size 300,250</apiDesc></apiValueDetail></apiValue><apiValue id="so.cuo.platform.admob:AdmobSize:BANNER_320x100"><apiName>BANNER_320x100</apiName><shortdesc>banner size 320,100</shortdesc><prolog/><apiValueDetail><apiValueDef><apiAccess value="public"/><apiStatic/><apiData>unknown</apiData><apiValueClassifier>so.cuo.platform.admob:AdmobSize</apiValueClassifier></apiValueDef><apiDesc>banner size 320,100</apiDesc></apiValueDetail></apiValue><apiValue id="so.cuo.platform.admob:AdmobSize:BANNER_320x50"><apiName>BANNER_320x50</apiName><shortdesc>banner size 320,50</shortdesc><prolog/><apiValueDetail><apiValueDef><apiAccess value="public"/><apiStatic/><apiData>unknown</apiData><apiValueClassifier>so.cuo.platform.admob:AdmobSize</apiValueClassifier></apiValueDef><apiDesc>banner size 320,50</apiDesc></apiValueDetail></apiValue><apiValue id="so.cuo.platform.admob:AdmobSize:BANNER_468X60"><apiName>BANNER_468X60</apiName><shortdesc>banner size 468,60</shortdesc><prolog/><apiValueDetail><apiValueDef><apiAccess value="public"/><apiStatic/><apiData>unknown</apiData><apiValueClassifier>so.cuo.platform.admob:AdmobSize</apiValueClassifier></apiValueDef><apiDesc>banner size 468,60</apiDesc></apiValueDetail></apiValue><apiValue id="so.cuo.platform.admob:AdmobSize:BANNER_728X90"><apiName>BANNER_728X90</apiName><shortdesc>banner size 728,90</shortdesc><prolog/><apiValueDetail><apiValueDef><apiAccess value="public"/><apiStatic/><apiData>unknown</apiData><apiValueClassifier>so.cuo.platform.admob:AdmobSize</apiValueClassifier></apiValueDef><apiDesc>banner size 728,90</apiDesc></apiValueDetail></apiValue><apiValue id="so.cuo.platform.admob:AdmobSize:BANNER_STANDARD"><apiName>BANNER_STANDARD</apiName><shortdesc>iphone 320x50 or 468x60,ipad 728x90 </shortdesc><prolog/><apiValueDetail><apiValueDef><apiAccess value="public"/><apiStatic/><apiData>unknown</apiData><apiValueClassifier>so.cuo.platform.admob:AdmobSize</apiValueClassifier></apiValueDef><apiDesc>iphone 320x50 or 468x60,ipad 728x90 </apiDesc></apiValueDetail></apiValue><apiValue id="so.cuo.platform.admob:AdmobSize:SMART_BANNER"><apiName>SMART_BANNER</apiName><shortdesc/><prolog/><apiValueDetail><apiValueDef><apiAccess value="public"/><apiStatic/><apiData>unknown</apiData><apiValueClassifier>so.cuo.platform.admob:AdmobSize</apiValueClassifier></apiValueDef></apiValueDetail></apiValue><apiValue id="so.cuo.platform.admob:AdmobSize:protected:_height"><apiName>_height</apiName><shortdesc/><prolog/><apiValueDetail><apiValueDef><apiProperty/><apiAccess value="protected"/><apiDynamic/><apiType value="int"/></apiValueDef></apiValueDetail></apiValue><apiValue id="so.cuo.platform.admob:AdmobSize:protected:_width"><apiName>_width</apiName><shortdesc/><prolog/><apiValueDetail><apiValueDef><apiProperty/><apiAccess value="protected"/><apiDynamic/><apiType value="int"/></apiValueDef></apiValueDetail></apiValue><apiValue id="so.cuo.platform.admob:AdmobSize:height:get"><apiName>height</apiName><shortdesc/><prolog/><apiValueDetail><apiValueDef><apiProperty/><apiAccess value="public"/><apiDynamic/><apiValueAccess value="readwrite"/><apiType value="int"/></apiValueDef></apiValueDetail></apiValue><apiValue id="so.cuo.platform.admob:AdmobSize:width:get"><apiName>width</apiName><shortdesc/><prolog/><apiValueDetail><apiValueDef><apiProperty/><apiAccess value="public"/><apiDynamic/><apiValueAccess value="readwrite"/><apiType value="int"/></apiValueDef></apiValueDetail></apiValue></apiClassifier><apiClassifier id="so.cuo.platform.admob:ExtraParameter"><apiName>ExtraParameter</apiName><shortdesc>
  extra parameter to control admob request,such as if you are testing ,is this app made for child .</shortdesc><prolog><asMetadata/></prolog><apiClassifierDetail><apiClassifierDef><apiAccess value="public"/><apiStatic/><apiBaseClassifier>Object</apiBaseClassifier></apiClassifierDef><apiDesc>
  extra parameter to control admob request,such as if you are testing ,is this app made for child .
 just set property that you want to change the default value. 
 more info about the parameter can found https://developers.google.com/mobile-ads-sdk/docs/admob/additional-controls#play-coppa
 </apiDesc></apiClassifierDetail><apiValue id="so.cuo.platform.admob:ExtraParameter:birthday:get"><apiName>birthday</apiName><shortdesc/><prolog/><apiValueDetail><apiValueDef><apiProperty/><apiAccess value="public"/><apiDynamic/><apiValueAccess value="readwrite"/><apiType value="Date"/></apiValueDef></apiValueDetail></apiValue><apiValue id="so.cuo.platform.admob:ExtraParameter:contentUrl:get"><apiName>contentUrl</apiName><shortdesc/><prolog/><apiValueDetail><apiValueDef><apiProperty/><apiAccess value="public"/><apiDynamic/><apiValueAccess value="readwrite"/><apiType value="String"/></apiValueDef></apiValueDetail></apiValue><apiValue id="so.cuo.platform.admob:ExtraParameter:gender:set"><apiName>gender</apiName><shortdesc>available value list GENDER_FEMALE 2,GENDER_MALE 1,GENDER_UNKNOWN 0</shortdesc><prolog/><apiValueDetail><apiValueDef><apiProperty/><apiAccess value="public"/><apiDynamic/><apiValueAccess value="readwrite"/><apiType value="int"/></apiValueDef><apiDesc>available value list GENDER_FEMALE 2,GENDER_MALE 1,GENDER_UNKNOWN 0</apiDesc></apiValueDetail></apiValue><apiValue id="so.cuo.platform.admob:ExtraParameter:isChildApp:set"><apiName>isChildApp</apiName><shortdesc>just set when this app is  for child </shortdesc><prolog/><apiValueDetail><apiValueDef><apiProperty/><apiAccess value="public"/><apiDynamic/><apiValueAccess value="readwrite"/><apiType value="Boolean"/></apiValueDef><apiDesc>just set when this app is  for child </apiDesc></apiValueDetail></apiValue><apiValue id="so.cuo.platform.admob:ExtraParameter:keyWord:set"><apiName>keyWord</apiName><shortdesc>keyword format   "key1 key2 key3 key4" </shortdesc><prolog/><apiValueDetail><apiValueDef><apiProperty/><apiAccess value="public"/><apiDynamic/><apiValueAccess value="readwrite"/><apiType value="String"/></apiValueDef><apiDesc>keyword format   "key1 key2 key3 key4" </apiDesc></apiValueDetail></apiValue><apiValue id="so.cuo.platform.admob:ExtraParameter:testDeviceID:set"><apiName>testDeviceID</apiName><shortdesc> you can set the device id value to get admob test ad,device id sample C10FA0762720A0FD0E64FE3825A8B64F</shortdesc><prolog/><apiValueDetail><apiValueDef><apiProperty/><apiAccess value="public"/><apiDynamic/><apiValueAccess value="readwrite"/><apiType value="String"/></apiValueDef><apiDesc> you can set the device id value to get admob test ad,device id sample C10FA0762720A0FD0E64FE3825A8B64F</apiDesc></apiValueDetail></apiValue></apiClassifier></apiPackage></allClasses>