<?xml version="1.0" encoding="UTF-8"?><allClasses><apiPackage id="so.cuo.platform.admob"><apiName>so.cuo.platform.admob</apiName><apiClassifier id="so.cuo.platform.admob:AdmobEvent"><apiName>AdmobEvent</apiName><apiClassifierDetail><apiClassifierDef><apiAccess value="public"/><apiStatic/><apiBaseClassifier>flash.events:Event</apiBaseClassifier></apiClassifierDef></apiClassifierDetail><apiConstructor id="so.cuo.platform.admob:AdmobEvent:AdmobEvent"><apiName>AdmobEvent</apiName><shortdesc/><prolog/><apiConstructorDetail><apiConstructorDef><apiAccess value="public"/><apiParam><apiItemName>type</apiItemName><apiType value="String"/></apiParam><apiParam><apiItemName>data</apiItemName><apiType value="any"/><apiData>null</apiData></apiParam><apiParam><apiItemName>instanceName</apiItemName><apiType value="String"/><apiData>null</apiData></apiParam><apiParam><apiItemName>bubbles</apiItemName><apiType value="Boolean"/><apiData>false</apiData></apiParam><apiParam><apiItemName>cancelable</apiItemName><apiType value="Boolean"/><apiData>false</apiData></apiParam></apiConstructorDef></apiConstructorDetail></apiConstructor></apiClassifier><apiClassifier id="so.cuo.platform.admob:Admob"><apiName>Admob</apiName><apiClassifierDetail><apiClassifierDef><apiAccess value="public"/><apiStatic/><apiBaseClassifier>flash.events:EventDispatcher</apiBaseClassifier></apiClassifierDef></apiClassifierDetail><apiOperation id="so.cuo.platform.admob:Admob:cacheInterstitial"><apiName>cacheInterstitial</apiName><shortdesc>load Interstitial ad,you would load full screen ad before show it</shortdesc><prolog/><apiOperationDetail><apiOperationDef><apiAccess value="public"/><apiReturn><apiType value="void"/></apiReturn><apiParam><apiItemName>extraPrama</apiItemName><apiData>null</apiData><apiOperationClassifier>so.cuo.platform.admob:ExtraParameter</apiOperationClassifier></apiParam></apiOperationDef><apiDesc>load Interstitial ad,you would load full screen ad before show it</apiDesc></apiOperationDetail></apiOperation><apiOperation id="so.cuo.platform.admob:Admob:dispose"><apiName>dispose</apiName><shortdesc>dispose this ane,you would never use this ane any more</shortdesc><prolog/><apiOperationDetail><apiOperationDef><apiAccess value="public"/><apiReturn><apiType value="void"/></apiReturn></apiOperationDef><apiDesc>dispose this ane,you would never use this ane any more</apiDesc></apiOperationDetail></apiOperation><apiOperation id="so.cuo.platform.admob:Admob:getInstance"><apiName>getInstance</apiName><shortdesc>
		 
		 </shortdesc><prolog/><apiOperationDetail><apiOperationDef><apiAccess value="public"/><apiStatic/><apiReturn><apiOperationClassifier>so.cuo.platform.admob:Admob</apiOperationClassifier><apiDesc>
		 </apiDesc></apiReturn></apiOperationDef><apiDesc>
		 
		 </apiDesc></apiOperationDetail></apiOperation><apiOperation id="so.cuo.platform.admob:Admob:getScreenSize"><apiName>getScreenSize</apiName><shortdesc>device screen size</shortdesc><prolog/><apiOperationDetail><apiOperationDef><apiAccess value="public"/><apiReturn><apiType value="flash.geom:Rectangle"/></apiReturn></apiOperationDef><apiDesc>device screen size</apiDesc></apiOperationDetail></apiOperation><apiOperation id="so.cuo.platform.admob:Admob:hideBanner"><apiName>hideBanner</apiName><shortdesc>hide ad banner</shortdesc><prolog/><apiOperationDetail><apiOperationDef><apiAccess value="public"/><apiReturn><apiType value="void"/></apiReturn><apiParam><apiItemName>instanceName</apiItemName><apiType value="String"/><apiData>unknown</apiData></apiParam></apiOperationDef><apiDesc>hide ad banner</apiDesc></apiOperationDetail></apiOperation><apiOperation id="so.cuo.platform.admob:Admob:hideNativeBanner"><apiName>hideNativeBanner</apiName><shortdesc>
		 
		 </shortdesc><prolog/><apiOperationDetail><apiOperationDef><apiAccess value="public"/><apiReturn><apiType value="void"/></apiReturn><apiParam><apiItemName>instanceName</apiItemName><apiType value="String"/><apiData>unknown</apiData><apiDesc>  name of the banner want to hide,it is the same string when you show the ad
		 </apiDesc></apiParam></apiOperationDef><apiDesc>
		 
		 </apiDesc></apiOperationDetail></apiOperation><apiOperation id="so.cuo.platform.admob:Admob:isInterstitialReady"><apiName>isInterstitialReady</apiName><shortdesc>has load Interstitial success? just show after the Interstitial ad is ready</shortdesc><prolog/><apiOperationDetail><apiOperationDef><apiAccess value="public"/><apiReturn><apiType value="Boolean"/></apiReturn></apiOperationDef><apiDesc>has load Interstitial success? just show after the Interstitial ad is ready</apiDesc></apiOperationDetail></apiOperation><apiOperation id="so.cuo.platform.admob:Admob:setKeys"><apiName>setKeys</apiName><shortdesc>set admob key ,the bannerKey is banner key such as ca-app-pub-3940256099942544/2934735716,interstitialKey is interstitialKey key such as ca-app-pub-3940256099942544/4411468910.</shortdesc><prolog/><apiOperationDetail><apiOperationDef><apiAccess value="public"/><apiReturn><apiType value="void"/></apiReturn><apiParam><apiItemName>bannerKey</apiItemName><apiType value="String"/></apiParam><apiParam><apiItemName>interstitialKey</apiItemName><apiType value="String"/><apiData>null</apiData></apiParam></apiOperationDef><apiDesc>set admob key ,the bannerKey is banner key such as ca-app-pub-3940256099942544/2934735716,interstitialKey is interstitialKey key such as ca-app-pub-3940256099942544/4411468910.
		 if interstitialKey not set ,it will the same as banner key
		 </apiDesc></apiOperationDetail></apiOperation><apiOperation id="so.cuo.platform.admob:Admob:showBannerAbsolute"><apiName>showBannerAbsolute</apiName><shortdesc>show admob banner absolute position,position x,y
		 eg.</shortdesc><prolog/><apiOperationDetail><apiOperationDef><apiAccess value="public"/><apiReturn><apiType value="void"/></apiReturn><apiParam><apiItemName>adSize</apiItemName><apiOperationClassifier>so.cuo.platform.admob:AdmobSize</apiOperationClassifier></apiParam><apiParam><apiItemName>x</apiItemName><apiType value="Number"/></apiParam><apiParam><apiItemName>y</apiItemName><apiType value="Number"/></apiParam><apiParam><apiItemName>extraParam</apiItemName><apiData>null</apiData><apiOperationClassifier>so.cuo.platform.admob:ExtraParameter</apiOperationClassifier></apiParam><apiParam><apiItemName>instanceName</apiItemName><apiType value="String"/><apiData>unknown</apiData></apiParam></apiOperationDef><apiDesc>show admob banner absolute position,position x,y
		 eg.  admob.showBannerAbsolute(Admob.BANNER,0,280);
		 </apiDesc></apiOperationDetail></apiOperation><apiOperation id="so.cuo.platform.admob:Admob:showBanner"><apiName>showBanner</apiName><shortdesc>show admob banner relation position,position values in  AdmobPosition
		 eg.</shortdesc><prolog/><apiOperationDetail><apiOperationDef><apiAccess value="public"/><apiReturn><apiType value="void"/></apiReturn><apiParam><apiItemName>adSize</apiItemName><apiOperationClassifier>so.cuo.platform.admob:AdmobSize</apiOperationClassifier></apiParam><apiParam><apiItemName>position</apiItemName><apiType value="int"/></apiParam><apiParam><apiItemName>offY</apiItemName><apiType value="int"/><apiData>0</apiData></apiParam><apiParam><apiItemName>extraParam</apiItemName><apiData>null</apiData><apiOperationClassifier>so.cuo.platform.admob:ExtraParameter</apiOperationClassifier></apiParam><apiParam><apiItemName>instanceName</apiItemName><apiType value="String"/><apiData>unknown</apiData></apiParam></apiOperationDef><apiDesc>show admob banner relation position,position values in  AdmobPosition
		 eg.  admob.showBanner(Admob.BANNER,AdmobPosition.BOTTOM_CENTER);
		 </apiDesc></apiOperationDetail></apiOperation><apiOperation id="so.cuo.platform.admob:Admob:showInterstitial"><apiName>showInterstitial</apiName><shortdesc>show Interstitial on screen</shortdesc><prolog/><apiOperationDetail><apiOperationDef><apiAccess value="public"/><apiReturn><apiType value="void"/></apiReturn></apiOperationDef><apiDesc>show Interstitial on screen</apiDesc></apiOperationDetail></apiOperation><apiOperation id="so.cuo.platform.admob:Admob:showNativeBannerAbsolute"><apiName>showNativeBannerAbsolute</apiName><shortdesc>
		 
		 </shortdesc><prolog/><apiOperationDetail><apiOperationDef><apiAccess value="public"/><apiReturn><apiType value="String"/><apiDesc>instanceName of this ad
		 </apiDesc></apiReturn><apiParam><apiItemName>nativeBannerKey</apiItemName><apiType value="String"/><apiDesc>key format like ca-app-pub-3940256099942544/4411468910
		 </apiDesc></apiParam><apiParam><apiItemName>adSize</apiItemName><apiOperationClassifier>so.cuo.platform.admob:AdmobSize</apiOperationClassifier><apiDesc>          native express ads size ,you would best set it as you set in app.admob.com
		 </apiDesc></apiParam><apiParam><apiItemName>x</apiItemName><apiType value="Number"/><apiDesc>                 absolute screen position  
		 </apiDesc></apiParam><apiParam><apiItemName>y</apiItemName><apiType value="Number"/><apiDesc>                 absolute screen psotion y 
		 </apiDesc></apiParam><apiParam><apiItemName>extraParam</apiItemName><apiData>null</apiData><apiOperationClassifier>so.cuo.platform.admob:ExtraParameter</apiOperationClassifier><apiDesc>       params such as is children directed,and is test mode
		 </apiDesc></apiParam><apiParam><apiItemName>instanceName</apiItemName><apiType value="String"/><apiData>unknown</apiData><apiDesc>      banner name,if you want to show multi banner at the same screen,you can set name for banner
		 </apiDesc></apiParam></apiOperationDef><apiDesc>
		 
		 </apiDesc></apiOperationDetail></apiOperation><apiOperation id="so.cuo.platform.admob:Admob:showNativeBanner"><apiName>showNativeBanner</apiName><shortdesc>
		 
		 </shortdesc><prolog/><apiOperationDetail><apiOperationDef><apiAccess value="public"/><apiReturn><apiType value="String"/><apiDesc>instanceName of this ad
		 </apiDesc></apiReturn><apiParam><apiItemName>nativeBannerKey</apiItemName><apiType value="String"/><apiDesc> key format like ca-app-pub-3940256099942544/4411468910
		 </apiDesc></apiParam><apiParam><apiItemName>adSize</apiItemName><apiOperationClassifier>so.cuo.platform.admob:AdmobSize</apiOperationClassifier><apiDesc>          native express ads size ,you would best set it as you set in app.admob.com
		 </apiDesc></apiParam><apiParam><apiItemName>position</apiItemName><apiType value="int"/><apiDesc>         relative position such as AdmobPosition.BOTTOM_CENTER
		 </apiDesc></apiParam><apiParam><apiItemName>offY</apiItemName><apiType value="int"/><apiData>0</apiData><apiDesc>             when you want banner at relative position and want it not at bottom,you can set offY value ,it is usable when you want to show a banner at bottom over a bottom menu
		 </apiDesc></apiParam><apiParam><apiItemName>extraParam</apiItemName><apiData>null</apiData><apiOperationClassifier>so.cuo.platform.admob:ExtraParameter</apiOperationClassifier><apiDesc>       params such as is children directed,and is test mode
		 </apiDesc></apiParam><apiParam><apiItemName>instanceName</apiItemName><apiType value="String"/><apiData>unknown</apiData><apiDesc>      banner name,if you want to show multi banner at the same screen,you can set name for banner
		 </apiDesc></apiParam></apiOperationDef><apiDesc>
		 
		 </apiDesc></apiOperationDetail></apiOperation><apiConstructor id="so.cuo.platform.admob:Admob:Admob"><apiName>Admob</apiName><shortdesc>
		 
		 </shortdesc><prolog/><apiConstructorDetail><apiConstructorDef><apiAccess value="public"/></apiConstructorDef><apiDesc>
		 
		 </apiDesc></apiConstructorDetail></apiConstructor></apiClassifier><apiClassifier id="so.cuo.platform.admob:AdmobError"><apiName>AdmobError</apiName><apiClassifierDetail><apiClassifierDef><apiAccess value="public"/><apiStatic/><apiBaseClassifier>Object</apiBaseClassifier></apiClassifierDef></apiClassifierDetail><apiOperation id="so.cuo.platform.admob:AdmobError:errorDesString"><apiName>errorDesString</apiName><shortdesc/><prolog/><apiOperationDetail><apiOperationDef><apiAccess value="public"/><apiStatic/><apiReturn><apiType value="String"/></apiReturn><apiParam><apiItemName>code</apiItemName><apiType value="int"/></apiParam></apiOperationDef></apiOperationDetail></apiOperation><apiOperation id="so.cuo.platform.admob:AdmobError:errorString"><apiName>errorString</apiName><shortdesc/><prolog/><apiOperationDetail><apiOperationDef><apiAccess value="public"/><apiStatic/><apiReturn><apiType value="String"/></apiReturn><apiParam><apiItemName>code</apiItemName><apiType value="int"/></apiParam></apiOperationDef></apiOperationDetail></apiOperation></apiClassifier><apiClassifier id="so.cuo.platform.admob:AdmobPosition"><apiName>AdmobPosition</apiName><apiClassifierDetail><apiClassifierDef><apiAccess value="public"/><apiStatic/><apiBaseClassifier>Object</apiBaseClassifier></apiClassifierDef></apiClassifierDetail></apiClassifier><apiClassifier id="so.cuo.platform.admob:AdmobSize"><apiName>AdmobSize</apiName><apiClassifierDetail><apiClassifierDef><apiAccess value="public"/><apiStatic/><apiBaseClassifier>Object</apiBaseClassifier></apiClassifierDef></apiClassifierDetail><apiOperation id="so.cuo.platform.admob:AdmobSize:equals"><apiName>equals</apiName><shortdesc/><prolog/><apiOperationDetail><apiOperationDef><apiAccess value="public"/><apiReturn><apiType value="Boolean"/></apiReturn><apiParam><apiItemName>adsize</apiItemName><apiOperationClassifier>so.cuo.platform.admob:AdmobSize</apiOperationClassifier></apiParam></apiOperationDef></apiOperationDetail></apiOperation><apiConstructor id="so.cuo.platform.admob:AdmobSize:AdmobSize"><apiName>AdmobSize</apiName><shortdesc>
you  can create a custom size ,for admob more ad size
https://developers.google.com/mobile-ads-sdk/docs/admob/smart-banners
https://developers.google.com/mobile-ads-sdk/docs/admob/intermediate
</shortdesc><prolog/><apiConstructorDetail><apiConstructorDef><apiAccess value="public"/><apiParam><apiItemName>w</apiItemName><apiType value="Number"/><apiData>320</apiData></apiParam><apiParam><apiItemName>h</apiItemName><apiType value="Number"/><apiData>50</apiData></apiParam></apiConstructorDef><apiDesc>
you  can create a custom size ,for admob more ad size
https://developers.google.com/mobile-ads-sdk/docs/admob/smart-banners
https://developers.google.com/mobile-ads-sdk/docs/admob/intermediate
</apiDesc></apiConstructorDetail></apiConstructor></apiClassifier><apiClassifier id="so.cuo.platform.admob:ExtraParameter"><apiName>ExtraParameter</apiName><apiClassifierDetail><apiClassifierDef><apiAccess value="public"/><apiStatic/><apiBaseClassifier>Object</apiBaseClassifier></apiClassifierDef></apiClassifierDetail><apiOperation id="so.cuo.platform.admob:ExtraParameter:setLocation"><apiName>setLocation</apiName><shortdesc/><prolog/><apiOperationDetail><apiOperationDef><apiAccess value="public"/><apiReturn><apiType value="void"/></apiReturn><apiParam><apiItemName>latitude</apiItemName><apiType value="Number"/></apiParam><apiParam><apiItemName>longitude</apiItemName><apiType value="Number"/></apiParam></apiOperationDef></apiOperationDetail></apiOperation><apiOperation id="so.cuo.platform.admob:ExtraParameter:toString"><apiName>toString</apiName><shortdesc/><prolog/><apiOperationDetail><apiOperationDef><apiAccess value="public"/><apiReturn><apiType value="String"/></apiReturn></apiOperationDef></apiOperationDetail></apiOperation></apiClassifier></apiPackage></allClasses>