<?xml version="1.0" encoding="UTF-8"?><apiPackage id="so.cuo.platform.admob"><apiName>so.cuo.platform.admob</apiName><apiDetail/><apiClassifier id="so.cuo.platform.admob:AdmobEvent"><apiName>AdmobEvent</apiName><shortdesc>
	 ad event 
	 ref  https://developers.google.com/mobile-ads-sdk/docs/admob/intermediate
	 </shortdesc><prolog><asMetadata/></prolog><apiClassifierDetail><apiClassifierDef><apiAccess value="public"/><apiStatic/><apiBaseClassifier>flash.events:Event</apiBaseClassifier></apiClassifierDef><apiDesc>
	 ad event 
	 ref  https://developers.google.com/mobile-ads-sdk/docs/admob/intermediate
	 </apiDesc></apiClassifierDetail><apiConstructor id="so.cuo.platform.admob:AdmobEvent:AdmobEvent"><apiName>AdmobEvent</apiName><shortdesc/><prolog/><apiConstructorDetail><apiConstructorDef><apiAccess value="public"/><apiParam><apiItemName>type</apiItemName><apiType value="String"/></apiParam><apiParam><apiItemName>data</apiItemName><apiType value="any"/><apiData>null</apiData></apiParam><apiParam><apiItemName>instanceName</apiItemName><apiType value="String"/><apiData>null</apiData></apiParam><apiParam><apiItemName>bubbles</apiItemName><apiType value="Boolean"/><apiData>false</apiData></apiParam><apiParam><apiItemName>cancelable</apiItemName><apiType value="Boolean"/><apiData>false</apiData></apiParam></apiConstructorDef></apiConstructorDetail></apiConstructor><apiValue id="so.cuo.platform.admob:AdmobEvent:data"><apiName>data</apiName><shortdesc/><prolog/><apiValueDetail><apiValueDef><apiProperty/><apiAccess value="public"/><apiDynamic/><apiType value="Object"/></apiValueDef></apiValueDetail></apiValue><apiValue id="so.cuo.platform.admob:AdmobEvent:instanceName"><apiName>instanceName</apiName><shortdesc/><prolog/><apiValueDetail><apiValueDef><apiProperty/><apiAccess value="public"/><apiDynamic/><apiType value="String"/></apiValueDef></apiValueDetail></apiValue><apiValue id="so.cuo.platform.admob:AdmobEvent:onBannerDismiss"><apiName>onBannerDismiss</apiName><shortdesc>
		 Event which will be fired when  ad is clicked  and not leave app.</shortdesc><prolog/><apiValueDetail><apiValueDef><apiAccess value="public"/><apiStatic/><apiData>onBannerDismiss</apiData><apiType value="String"/></apiValueDef><apiDesc>
		 Event which will be fired when  ad is clicked  and not leave app. will show a full screen in app ad
		 </apiDesc></apiValueDetail></apiValue><apiValue id="so.cuo.platform.admob:AdmobEvent:onBannerFailedReceive"><apiName>onBannerFailedReceive</apiName><shortdesc>
		 vent which will be fired when fail to receive ad
		 </shortdesc><prolog/><apiValueDetail><apiValueDef><apiAccess value="public"/><apiStatic/><apiData>onBannerFailedReceive</apiData><apiType value="String"/></apiValueDef><apiDesc>
		 vent which will be fired when fail to receive ad
		 </apiDesc></apiValueDetail></apiValue><apiValue id="so.cuo.platform.admob:AdmobEvent:onBannerLeaveApplication"><apiName>onBannerLeaveApplication</apiName><shortdesc>
		 Event which will be fired when ad clicked and will leave app.</shortdesc><prolog/><apiValueDetail><apiValueDef><apiAccess value="public"/><apiStatic/><apiData>onBannerLeaveApplication</apiData><apiType value="String"/></apiValueDef><apiDesc>
		 Event which will be fired when ad clicked and will leave app.
		 </apiDesc></apiValueDetail></apiValue><apiValue id="so.cuo.platform.admob:AdmobEvent:onBannerPresent"><apiName>onBannerPresent</apiName><shortdesc>
		 Event which will be fired when ad will been add to screen.</shortdesc><prolog/><apiValueDetail><apiValueDef><apiAccess value="public"/><apiStatic/><apiData>onBannerPresent</apiData><apiType value="String"/></apiValueDef><apiDesc>
		 Event which will be fired when ad will been add to screen.
		 </apiDesc></apiValueDetail></apiValue><apiValue id="so.cuo.platform.admob:AdmobEvent:onBannerReceive"><apiName>onBannerReceive</apiName><shortdesc>
		 Event which will be fired when ad received success 
		 </shortdesc><prolog/><apiValueDetail><apiValueDef><apiAccess value="public"/><apiStatic/><apiData>onBannerReceive</apiData><apiType value="String"/></apiValueDef><apiDesc>
		 Event which will be fired when ad received success 
		 </apiDesc></apiValueDetail></apiValue><apiValue id="so.cuo.platform.admob:AdmobEvent:onInterstitialDismiss"><apiName>onInterstitialDismiss</apiName><shortdesc>
		 Event which will be fired when  ad is clicked  and not leave app.</shortdesc><prolog/><apiValueDetail><apiValueDef><apiAccess value="public"/><apiStatic/><apiData>onInterstitialDismiss</apiData><apiType value="String"/></apiValueDef><apiDesc>
		 Event which will be fired when  ad is clicked  and not leave app. will show a full screen in app ad
		 </apiDesc></apiValueDetail></apiValue><apiValue id="so.cuo.platform.admob:AdmobEvent:onInterstitialFailedReceive"><apiName>onInterstitialFailedReceive</apiName><shortdesc>
		 vent which will be fired when fail to receive ad
		 </shortdesc><prolog/><apiValueDetail><apiValueDef><apiAccess value="public"/><apiStatic/><apiData>onInterstitialFailedReceive</apiData><apiType value="String"/></apiValueDef><apiDesc>
		 vent which will be fired when fail to receive ad
		 </apiDesc></apiValueDetail></apiValue><apiValue id="so.cuo.platform.admob:AdmobEvent:onInterstitialLeaveApplication"><apiName>onInterstitialLeaveApplication</apiName><shortdesc>
		 Event which will be fired when ad clicked and will leave app.</shortdesc><prolog/><apiValueDetail><apiValueDef><apiAccess value="public"/><apiStatic/><apiData>onInterstitialLeaveApplication</apiData><apiType value="String"/></apiValueDef><apiDesc>
		 Event which will be fired when ad clicked and will leave app.
		 </apiDesc></apiValueDetail></apiValue><apiValue id="so.cuo.platform.admob:AdmobEvent:onInterstitialPresent"><apiName>onInterstitialPresent</apiName><shortdesc>
		 Event which will be fired when ad will been add to screen.</shortdesc><prolog/><apiValueDetail><apiValueDef><apiAccess value="public"/><apiStatic/><apiData>onInterstitialPresent</apiData><apiType value="String"/></apiValueDef><apiDesc>
		 Event which will be fired when ad will been add to screen.
		 </apiDesc></apiValueDetail></apiValue><apiValue id="so.cuo.platform.admob:AdmobEvent:onInterstitialReceive"><apiName>onInterstitialReceive</apiName><shortdesc>
		 Event which will be fired when ad received success 
		 </shortdesc><prolog/><apiValueDetail><apiValueDef><apiAccess value="public"/><apiStatic/><apiData>onInterstitialReceive</apiData><apiType value="String"/></apiValueDef><apiDesc>
		 Event which will be fired when ad received success 
		 </apiDesc></apiValueDetail></apiValue><apiValue id="so.cuo.platform.admob:AdmobEvent:onNativeBannerDismiss"><apiName>onNativeBannerDismiss</apiName><shortdesc/><prolog/><apiValueDetail><apiValueDef><apiAccess value="public"/><apiStatic/><apiData>onNativeBannerDismiss</apiData><apiType value="String"/></apiValueDef></apiValueDetail></apiValue><apiValue id="so.cuo.platform.admob:AdmobEvent:onNativeBannerFailed"><apiName>onNativeBannerFailed</apiName><shortdesc/><prolog/><apiValueDetail><apiValueDef><apiAccess value="public"/><apiStatic/><apiData>onNativeBannerFailed</apiData><apiType value="String"/></apiValueDef></apiValueDetail></apiValue><apiValue id="so.cuo.platform.admob:AdmobEvent:onNativeBannerLeaveApplication"><apiName>onNativeBannerLeaveApplication</apiName><shortdesc/><prolog/><apiValueDetail><apiValueDef><apiAccess value="public"/><apiStatic/><apiData>onNativeBannerLeaveApplication</apiData><apiType value="String"/></apiValueDef></apiValueDetail></apiValue><apiValue id="so.cuo.platform.admob:AdmobEvent:onNativeBannerPresent"><apiName>onNativeBannerPresent</apiName><shortdesc/><prolog/><apiValueDetail><apiValueDef><apiAccess value="public"/><apiStatic/><apiData>onNativeBannerPresent</apiData><apiType value="String"/></apiValueDef></apiValueDetail></apiValue><apiValue id="so.cuo.platform.admob:AdmobEvent:onNativeBannerReceive"><apiName>onNativeBannerReceive</apiName><shortdesc/><prolog/><apiValueDetail><apiValueDef><apiAccess value="public"/><apiStatic/><apiData>onNativeBannerReceive</apiData><apiType value="String"/></apiValueDef></apiValueDetail></apiValue></apiClassifier><apiClassifier id="so.cuo.platform.admob:Admob"><apiName>Admob</apiName><shortdesc>
	 
	 </shortdesc><prolog><author>Administrator
	 </author><asMetadata/></prolog><apiClassifierDetail><apiClassifierDef><apiAccess value="public"/><apiStatic/><apiBaseClassifier>flash.events:EventDispatcher</apiBaseClassifier></apiClassifierDef><apiDesc>
	 
	 </apiDesc></apiClassifierDetail><adobeApiEvent id="so.cuo.platform.admob:Admob_so.cuo.platform.admob.AdmobEvent_onInterstitialReceive"><apiName>onInterstitialReceive</apiName><shortdesc/><prolog/><adobeApiEventDetail><adobeApiEventDef><adobeApiEventClassifier>so.cuo.platform.admob.AdmobEvent</adobeApiEventClassifier><apiGeneratedEvent/></adobeApiEventDef><apiDesc></apiDesc></adobeApiEventDetail></adobeApiEvent><adobeApiEvent id="so.cuo.platform.admob:Admob_so.cuo.platform.admob.AdmobEvent_onInterstitialPresent"><apiName>onInterstitialPresent</apiName><shortdesc/><prolog/><adobeApiEventDetail><adobeApiEventDef><adobeApiEventClassifier>so.cuo.platform.admob.AdmobEvent</adobeApiEventClassifier><apiGeneratedEvent/></adobeApiEventDef><apiDesc></apiDesc></adobeApiEventDetail></adobeApiEvent><adobeApiEvent id="so.cuo.platform.admob:Admob_so.cuo.platform.admob.AdmobEvent_onInterstitialLeaveApplication"><apiName>onInterstitialLeaveApplication</apiName><shortdesc/><prolog/><adobeApiEventDetail><adobeApiEventDef><adobeApiEventClassifier>so.cuo.platform.admob.AdmobEvent</adobeApiEventClassifier><apiGeneratedEvent/></adobeApiEventDef><apiDesc></apiDesc></adobeApiEventDetail></adobeApiEvent><adobeApiEvent id="so.cuo.platform.admob:Admob_so.cuo.platform.admob.AdmobEvent_onInterstitialFailedReceive"><apiName>onInterstitialFailedReceive</apiName><shortdesc/><prolog/><adobeApiEventDetail><adobeApiEventDef><adobeApiEventClassifier>so.cuo.platform.admob.AdmobEvent</adobeApiEventClassifier><apiGeneratedEvent/></adobeApiEventDef><apiDesc></apiDesc></adobeApiEventDetail></adobeApiEvent><adobeApiEvent id="so.cuo.platform.admob:Admob_so.cuo.platform.admob.AdmobEvent_onInterstitialDismiss"><apiName>onInterstitialDismiss</apiName><shortdesc/><prolog/><adobeApiEventDetail><adobeApiEventDef><adobeApiEventClassifier>so.cuo.platform.admob.AdmobEvent</adobeApiEventClassifier><apiGeneratedEvent/></adobeApiEventDef><apiDesc></apiDesc></adobeApiEventDetail></adobeApiEvent><adobeApiEvent id="so.cuo.platform.admob:Admob_so.cuo.platform.admob.AdmobEvent_onBannerReceive"><apiName>onBannerReceive</apiName><shortdesc/><prolog/><adobeApiEventDetail><adobeApiEventDef><adobeApiEventClassifier>so.cuo.platform.admob.AdmobEvent</adobeApiEventClassifier><apiGeneratedEvent/></adobeApiEventDef><apiDesc></apiDesc></adobeApiEventDetail></adobeApiEvent><adobeApiEvent id="so.cuo.platform.admob:Admob_so.cuo.platform.admob.AdmobEvent_onBannerPresent"><apiName>onBannerPresent</apiName><shortdesc/><prolog/><adobeApiEventDetail><adobeApiEventDef><adobeApiEventClassifier>so.cuo.platform.admob.AdmobEvent</adobeApiEventClassifier><apiGeneratedEvent/></adobeApiEventDef><apiDesc></apiDesc></adobeApiEventDetail></adobeApiEvent><adobeApiEvent id="so.cuo.platform.admob:Admob_so.cuo.platform.admob.AdmobEvent_onBannerLeaveApplication"><apiName>onBannerLeaveApplication</apiName><shortdesc/><prolog/><adobeApiEventDetail><adobeApiEventDef><adobeApiEventClassifier>so.cuo.platform.admob.AdmobEvent</adobeApiEventClassifier><apiGeneratedEvent/></adobeApiEventDef><apiDesc></apiDesc></adobeApiEventDetail></adobeApiEvent><adobeApiEvent id="so.cuo.platform.admob:Admob_so.cuo.platform.admob.AdmobEvent_onBannerFailedReceive"><apiName>onBannerFailedReceive</apiName><shortdesc/><prolog/><adobeApiEventDetail><adobeApiEventDef><adobeApiEventClassifier>so.cuo.platform.admob.AdmobEvent</adobeApiEventClassifier><apiGeneratedEvent/></adobeApiEventDef><apiDesc></apiDesc></adobeApiEventDetail></adobeApiEvent><adobeApiEvent id="so.cuo.platform.admob:Admob_so.cuo.platform.admob.AdmobEvent_onBannerDismiss"><apiName>onBannerDismiss</apiName><shortdesc/><prolog/><adobeApiEventDetail><adobeApiEventDef><adobeApiEventClassifier>so.cuo.platform.admob.AdmobEvent</adobeApiEventClassifier><apiGeneratedEvent/></adobeApiEventDef><apiDesc></apiDesc></adobeApiEventDetail></adobeApiEvent><adobeApiEvent id="so.cuo.platform.admob:Admob_so.cuo.platform.admob.AdmobEvent_onNativeBannerLeaveApplication"><apiName>onNativeBannerLeaveApplication</apiName><shortdesc/><prolog/><adobeApiEventDetail><adobeApiEventDef><adobeApiEventClassifier>so.cuo.platform.admob.AdmobEvent</adobeApiEventClassifier><apiGeneratedEvent/></adobeApiEventDef><apiDesc></apiDesc></adobeApiEventDetail></adobeApiEvent><adobeApiEvent id="so.cuo.platform.admob:Admob_so.cuo.platform.admob.AdmobEvent_onNativeBannerDismiss"><apiName>onNativeBannerDismiss</apiName><shortdesc/><prolog/><adobeApiEventDetail><adobeApiEventDef><adobeApiEventClassifier>so.cuo.platform.admob.AdmobEvent</adobeApiEventClassifier><apiGeneratedEvent/></adobeApiEventDef><apiDesc></apiDesc></adobeApiEventDetail></adobeApiEvent><adobeApiEvent id="so.cuo.platform.admob:Admob_so.cuo.platform.admob.AdmobEvent_onNativeBannerPresent"><apiName>onNativeBannerPresent</apiName><shortdesc/><prolog/><adobeApiEventDetail><adobeApiEventDef><adobeApiEventClassifier>so.cuo.platform.admob.AdmobEvent</adobeApiEventClassifier><apiGeneratedEvent/></adobeApiEventDef><apiDesc></apiDesc></adobeApiEventDetail></adobeApiEvent><adobeApiEvent id="so.cuo.platform.admob:Admob_so.cuo.platform.admob.AdmobEvent_onNativeBannerFailed"><apiName>onNativeBannerFailed</apiName><shortdesc/><prolog/><adobeApiEventDetail><adobeApiEventDef><adobeApiEventClassifier>so.cuo.platform.admob.AdmobEvent</adobeApiEventClassifier><apiGeneratedEvent/></adobeApiEventDef><apiDesc></apiDesc></adobeApiEventDetail></adobeApiEvent><adobeApiEvent id="so.cuo.platform.admob:Admob_so.cuo.platform.admob.AdmobEvent_onNativeBannerReceive"><apiName>onNativeBannerReceive</apiName><shortdesc/><prolog/><adobeApiEventDetail><adobeApiEventDef><adobeApiEventClassifier>so.cuo.platform.admob.AdmobEvent</adobeApiEventClassifier><apiGeneratedEvent/></adobeApiEventDef><apiDesc></apiDesc></adobeApiEventDetail></adobeApiEvent><apiConstructor id="so.cuo.platform.admob:Admob:Admob"><apiName>Admob</apiName><shortdesc>
		 
		 </shortdesc><prolog/><apiConstructorDetail><apiConstructorDef><apiAccess value="public"/></apiConstructorDef><apiDesc>
		 
		 </apiDesc></apiConstructorDetail></apiConstructor><apiOperation id="so.cuo.platform.admob:Admob:cacheInterstitial"><apiName>cacheInterstitial</apiName><shortdesc>load Interstitial ad,you would load full screen ad before show it</shortdesc><prolog/><apiOperationDetail><apiOperationDef><apiAccess value="public"/><apiReturn><apiType value="void"/></apiReturn><apiParam><apiItemName>extraPrama</apiItemName><apiOperationClassifier>so.cuo.platform.admob:ExtraParameter</apiOperationClassifier><apiData>null</apiData></apiParam></apiOperationDef><apiDesc>load Interstitial ad,you would load full screen ad before show it</apiDesc></apiOperationDetail></apiOperation><apiOperation id="so.cuo.platform.admob:Admob:dispose"><apiName>dispose</apiName><shortdesc>dispose this ane,you would never use this ane any more</shortdesc><prolog/><apiOperationDetail><apiOperationDef><apiAccess value="public"/><apiReturn><apiType value="void"/></apiReturn></apiOperationDef><apiDesc>dispose this ane,you would never use this ane any more</apiDesc></apiOperationDetail></apiOperation><apiOperation id="so.cuo.platform.admob:Admob:getInstance"><apiName>getInstance</apiName><shortdesc>
		 
		 </shortdesc><prolog/><apiOperationDetail><apiOperationDef><apiAccess value="public"/><apiStatic/><apiReturn><apiDesc>
		 </apiDesc><apiOperationClassifier>so.cuo.platform.admob:Admob</apiOperationClassifier></apiReturn></apiOperationDef><apiDesc>
		 
		 </apiDesc></apiOperationDetail></apiOperation><apiOperation id="so.cuo.platform.admob:Admob:getScreenSize"><apiName>getScreenSize</apiName><shortdesc>device screen size</shortdesc><prolog/><apiOperationDetail><apiOperationDef><apiAccess value="public"/><apiReturn><apiType value="flash.geom:Rectangle"/></apiReturn></apiOperationDef><apiDesc>device screen size</apiDesc></apiOperationDetail></apiOperation><apiOperation id="so.cuo.platform.admob:Admob:hideBanner"><apiName>hideBanner</apiName><shortdesc>hide ad banner</shortdesc><prolog/><apiOperationDetail><apiOperationDef><apiAccess value="public"/><apiReturn><apiType value="void"/></apiReturn><apiParam><apiItemName>instanceName</apiItemName><apiType value="String"/><apiData>unknown</apiData></apiParam></apiOperationDef><apiDesc>hide ad banner</apiDesc></apiOperationDetail></apiOperation><apiOperation id="so.cuo.platform.admob:Admob:hideNativeBanner"><apiName>hideNativeBanner</apiName><shortdesc>
		 
		 </shortdesc><prolog/><apiOperationDetail><apiOperationDef><apiAccess value="public"/><apiReturn><apiType value="void"/></apiReturn><apiParam><apiItemName>instanceName</apiItemName><apiType value="String"/><apiData>unknown</apiData><apiDesc>  name of the banner want to hide,it is the same string when you show the ad
		 </apiDesc></apiParam></apiOperationDef><apiDesc>
		 
		 </apiDesc></apiOperationDetail></apiOperation><apiOperation id="so.cuo.platform.admob:Admob:isInterstitialReady"><apiName>isInterstitialReady</apiName><shortdesc>has load Interstitial success? just show after the Interstitial ad is ready</shortdesc><prolog/><apiOperationDetail><apiOperationDef><apiAccess value="public"/><apiReturn><apiType value="Boolean"/></apiReturn></apiOperationDef><apiDesc>has load Interstitial success? just show after the Interstitial ad is ready</apiDesc></apiOperationDetail></apiOperation><apiOperation id="so.cuo.platform.admob:Admob:setKeys"><apiName>setKeys</apiName><shortdesc>set admob key ,the bannerKey is banner key such as ca-app-pub-3940256099942544/2934735716,interstitialKey is interstitialKey key such as ca-app-pub-3940256099942544/4411468910.</shortdesc><prolog/><apiOperationDetail><apiOperationDef><apiAccess value="public"/><apiReturn><apiType value="void"/></apiReturn><apiParam><apiItemName>bannerKey</apiItemName><apiType value="String"/></apiParam><apiParam><apiItemName>interstitialKey</apiItemName><apiType value="String"/><apiData>null</apiData></apiParam></apiOperationDef><apiDesc>set admob key ,the bannerKey is banner key such as ca-app-pub-3940256099942544/2934735716,interstitialKey is interstitialKey key such as ca-app-pub-3940256099942544/4411468910.
		 if interstitialKey not set ,it will the same as banner key
		 </apiDesc></apiOperationDetail></apiOperation><apiOperation id="so.cuo.platform.admob:Admob:showBannerAbsolute"><apiName>showBannerAbsolute</apiName><shortdesc>show admob banner absolute position,position x,y
		 eg.</shortdesc><prolog/><apiOperationDetail><apiOperationDef><apiAccess value="public"/><apiReturn><apiType value="void"/></apiReturn><apiParam><apiItemName>adSize</apiItemName><apiOperationClassifier>so.cuo.platform.admob:AdmobSize</apiOperationClassifier></apiParam><apiParam><apiItemName>x</apiItemName><apiType value="Number"/></apiParam><apiParam><apiItemName>y</apiItemName><apiType value="Number"/></apiParam><apiParam><apiItemName>extraParam</apiItemName><apiOperationClassifier>so.cuo.platform.admob:ExtraParameter</apiOperationClassifier><apiData>null</apiData></apiParam><apiParam><apiItemName>instanceName</apiItemName><apiType value="String"/><apiData>unknown</apiData></apiParam></apiOperationDef><apiDesc>show admob banner absolute position,position x,y
		 eg.  admob.showBannerAbsolute(Admob.BANNER,0,280);
		 </apiDesc></apiOperationDetail></apiOperation><apiOperation id="so.cuo.platform.admob:Admob:showBanner"><apiName>showBanner</apiName><shortdesc>show admob banner relation position,position values in  AdmobPosition
		 eg.</shortdesc><prolog/><apiOperationDetail><apiOperationDef><apiAccess value="public"/><apiReturn><apiType value="void"/></apiReturn><apiParam><apiItemName>adSize</apiItemName><apiOperationClassifier>so.cuo.platform.admob:AdmobSize</apiOperationClassifier></apiParam><apiParam><apiItemName>position</apiItemName><apiType value="int"/></apiParam><apiParam><apiItemName>offY</apiItemName><apiType value="int"/><apiData>0</apiData></apiParam><apiParam><apiItemName>extraParam</apiItemName><apiOperationClassifier>so.cuo.platform.admob:ExtraParameter</apiOperationClassifier><apiData>null</apiData></apiParam><apiParam><apiItemName>instanceName</apiItemName><apiType value="String"/><apiData>unknown</apiData></apiParam></apiOperationDef><apiDesc>show admob banner relation position,position values in  AdmobPosition
		 eg.  admob.showBanner(Admob.BANNER,AdmobPosition.BOTTOM_CENTER);
		 </apiDesc></apiOperationDetail></apiOperation><apiOperation id="so.cuo.platform.admob:Admob:showInterstitial"><apiName>showInterstitial</apiName><shortdesc>show Interstitial on screen</shortdesc><prolog/><apiOperationDetail><apiOperationDef><apiAccess value="public"/><apiReturn><apiType value="void"/></apiReturn></apiOperationDef><apiDesc>show Interstitial on screen</apiDesc></apiOperationDetail></apiOperation><apiOperation id="so.cuo.platform.admob:Admob:showNativeBannerAbsolute"><apiName>showNativeBannerAbsolute</apiName><shortdesc>
		 
		 </shortdesc><prolog/><apiOperationDetail><apiOperationDef><apiAccess value="public"/><apiReturn><apiDesc>instanceName of this ad
		 </apiDesc><apiType value="String"/></apiReturn><apiParam><apiItemName>nativeBannerKey</apiItemName><apiType value="String"/><apiDesc>key format like ca-app-pub-3940256099942544/4411468910
		 </apiDesc></apiParam><apiParam><apiItemName>adSize</apiItemName><apiOperationClassifier>so.cuo.platform.admob:AdmobSize</apiOperationClassifier><apiDesc>          native express ads size ,you would best set it as you set in app.admob.com
		 </apiDesc></apiParam><apiParam><apiItemName>x</apiItemName><apiType value="Number"/><apiDesc>                 absolute screen position  
		 </apiDesc></apiParam><apiParam><apiItemName>y</apiItemName><apiType value="Number"/><apiDesc>                 absolute screen psotion y 
		 </apiDesc></apiParam><apiParam><apiItemName>extraParam</apiItemName><apiOperationClassifier>so.cuo.platform.admob:ExtraParameter</apiOperationClassifier><apiData>null</apiData><apiDesc>       params such as is children directed,and is test mode
		 </apiDesc></apiParam><apiParam><apiItemName>instanceName</apiItemName><apiType value="String"/><apiData>unknown</apiData><apiDesc>      banner name,if you want to show multi banner at the same screen,you can set name for banner
		 </apiDesc></apiParam></apiOperationDef><apiDesc>
		 
		 </apiDesc></apiOperationDetail></apiOperation><apiOperation id="so.cuo.platform.admob:Admob:showNativeBanner"><apiName>showNativeBanner</apiName><shortdesc>
		 
		 </shortdesc><prolog/><apiOperationDetail><apiOperationDef><apiAccess value="public"/><apiReturn><apiDesc>instanceName of this ad
		 </apiDesc><apiType value="String"/></apiReturn><apiParam><apiItemName>nativeBannerKey</apiItemName><apiType value="String"/><apiDesc> key format like ca-app-pub-3940256099942544/4411468910
		 </apiDesc></apiParam><apiParam><apiItemName>adSize</apiItemName><apiOperationClassifier>so.cuo.platform.admob:AdmobSize</apiOperationClassifier><apiDesc>          native express ads size ,you would best set it as you set in app.admob.com
		 </apiDesc></apiParam><apiParam><apiItemName>position</apiItemName><apiType value="int"/><apiDesc>         relative position such as AdmobPosition.BOTTOM_CENTER
		 </apiDesc></apiParam><apiParam><apiItemName>offY</apiItemName><apiType value="int"/><apiData>0</apiData><apiDesc>             when you want banner at relative position and want it not at bottom,you can set offY value ,it is usable when you want to show a banner at bottom over a bottom menu
		 </apiDesc></apiParam><apiParam><apiItemName>extraParam</apiItemName><apiOperationClassifier>so.cuo.platform.admob:ExtraParameter</apiOperationClassifier><apiData>null</apiData><apiDesc>       params such as is children directed,and is test mode
		 </apiDesc></apiParam><apiParam><apiItemName>instanceName</apiItemName><apiType value="String"/><apiData>unknown</apiData><apiDesc>      banner name,if you want to show multi banner at the same screen,you can set name for banner
		 </apiDesc></apiParam></apiOperationDef><apiDesc>
		 
		 </apiDesc></apiOperationDetail></apiOperation><apiValue id="so.cuo.platform.admob:Admob:defaultBannerName"><apiName>defaultBannerName</apiName><shortdesc/><prolog/><apiValueDetail><apiValueDef><apiAccess value="public"/><apiStatic/><apiData>defaultBannerName</apiData><apiType value="String"/></apiValueDef></apiValueDetail></apiValue><apiValue id="so.cuo.platform.admob:Admob:defaultNativeBannerName"><apiName>defaultNativeBannerName</apiName><shortdesc/><prolog/><apiValueDetail><apiValueDef><apiAccess value="public"/><apiStatic/><apiData>defaultNativeBannerName</apiData><apiType value="String"/></apiValueDef></apiValueDetail></apiValue><apiValue id="so.cuo.platform.admob:Admob:enableTrace"><apiName>enableTrace</apiName><shortdesc/><prolog/><apiValueDetail><apiValueDef><apiProperty/><apiAccess value="public"/><apiDynamic/><apiData>true</apiData><apiType value="Boolean"/></apiValueDef></apiValueDetail></apiValue><apiValue id="so.cuo.platform.admob:Admob:version"><apiName>version</apiName><shortdesc>
		 
		 </shortdesc><prolog/><apiValueDetail><apiValueDef><apiAccess value="public"/><apiStatic/><apiData>admob 20160610 base on ios sdk 7.8.1,android sdk 9.0.8</apiData><apiType value="String"/><apiDefaultValue>
		 </apiDefaultValue></apiValueDef><apiDesc>
		 
		 </apiDesc></apiValueDetail></apiValue><apiValue id="so.cuo.platform.admob:Admob:supportDevice:get"><apiName>supportDevice</apiName><shortdesc> does current device  support  ,support both ios and android now</shortdesc><prolog/><apiValueDetail><apiValueDef><apiProperty/><apiAccess value="public"/><apiDynamic/><apiValueAccess value="read"/><apiType value="Boolean"/></apiValueDef><apiDesc> does current device  support  ,support both ios and android now</apiDesc></apiValueDetail></apiValue></apiClassifier><apiClassifier id="so.cuo.platform.admob:AdmobError"><apiName>AdmobError</apiName><shortdesc/><prolog><asMetadata/></prolog><apiClassifierDetail><apiClassifierDef><apiAccess value="public"/><apiStatic/><apiBaseClassifier>Object</apiBaseClassifier></apiClassifierDef></apiClassifierDetail><apiOperation id="so.cuo.platform.admob:AdmobError:errorDesString"><apiName>errorDesString</apiName><shortdesc/><prolog/><apiOperationDetail><apiOperationDef><apiAccess value="public"/><apiStatic/><apiReturn><apiType value="String"/></apiReturn><apiParam><apiItemName>code</apiItemName><apiType value="int"/></apiParam></apiOperationDef></apiOperationDetail></apiOperation><apiOperation id="so.cuo.platform.admob:AdmobError:errorString"><apiName>errorString</apiName><shortdesc/><prolog/><apiOperationDetail><apiOperationDef><apiAccess value="public"/><apiStatic/><apiReturn><apiType value="String"/></apiReturn><apiParam><apiItemName>code</apiItemName><apiType value="int"/></apiParam></apiOperationDef></apiOperationDetail></apiOperation><apiValue id="so.cuo.platform.admob:AdmobError:ERROR_CODE_ERNAL_ERROR"><apiName>ERROR_CODE_ERNAL_ERROR</apiName><shortdesc/><prolog/><apiValueDetail><apiValueDef><apiAccess value="public"/><apiStatic/><apiData>0</apiData><apiType value="int"/></apiValueDef></apiValueDetail></apiValue><apiValue id="so.cuo.platform.admob:AdmobError:ERROR_CODE_INVALID_REQUEST"><apiName>ERROR_CODE_INVALID_REQUEST</apiName><shortdesc/><prolog/><apiValueDetail><apiValueDef><apiAccess value="public"/><apiStatic/><apiData>1</apiData><apiType value="int"/></apiValueDef></apiValueDetail></apiValue><apiValue id="so.cuo.platform.admob:AdmobError:ERROR_CODE_NETWORK_ERROR"><apiName>ERROR_CODE_NETWORK_ERROR</apiName><shortdesc/><prolog/><apiValueDetail><apiValueDef><apiAccess value="public"/><apiStatic/><apiData>2</apiData><apiType value="int"/></apiValueDef></apiValueDetail></apiValue><apiValue id="so.cuo.platform.admob:AdmobError:ERROR_CODE_NO_FILL"><apiName>ERROR_CODE_NO_FILL</apiName><shortdesc/><prolog/><apiValueDetail><apiValueDef><apiAccess value="public"/><apiStatic/><apiData>3</apiData><apiType value="int"/></apiValueDef></apiValueDetail></apiValue></apiClassifier><apiClassifier id="so.cuo.platform.admob:AdmobPosition"><apiName>AdmobPosition</apiName><shortdesc> banner ad position; relation position consts</shortdesc><prolog><asMetadata/></prolog><apiClassifierDetail><apiClassifierDef><apiAccess value="public"/><apiStatic/><apiBaseClassifier>Object</apiBaseClassifier></apiClassifierDef><apiDesc> banner ad position; relation position consts</apiDesc></apiClassifierDetail><apiValue id="so.cuo.platform.admob:AdmobPosition:BOTTOM_CENTER"><apiName>BOTTOM_CENTER</apiName><shortdesc/><prolog/><apiValueDetail><apiValueDef><apiAccess value="public"/><apiStatic/><apiData>8</apiData><apiType value="int"/></apiValueDef></apiValueDetail></apiValue><apiValue id="so.cuo.platform.admob:AdmobPosition:BOTTOM_LEFT"><apiName>BOTTOM_LEFT</apiName><shortdesc/><prolog/><apiValueDetail><apiValueDef><apiAccess value="public"/><apiStatic/><apiData>7</apiData><apiType value="int"/></apiValueDef></apiValueDetail></apiValue><apiValue id="so.cuo.platform.admob:AdmobPosition:BOTTOM_RIGHT"><apiName>BOTTOM_RIGHT</apiName><shortdesc/><prolog/><apiValueDetail><apiValueDef><apiAccess value="public"/><apiStatic/><apiData>9</apiData><apiType value="int"/></apiValueDef></apiValueDetail></apiValue><apiValue id="so.cuo.platform.admob:AdmobPosition:MIDDLE_CENTER"><apiName>MIDDLE_CENTER</apiName><shortdesc/><prolog/><apiValueDetail><apiValueDef><apiAccess value="public"/><apiStatic/><apiData>5</apiData><apiType value="int"/></apiValueDef></apiValueDetail></apiValue><apiValue id="so.cuo.platform.admob:AdmobPosition:MIDDLE_LEFT"><apiName>MIDDLE_LEFT</apiName><shortdesc/><prolog/><apiValueDetail><apiValueDef><apiAccess value="public"/><apiStatic/><apiData>4</apiData><apiType value="int"/></apiValueDef></apiValueDetail></apiValue><apiValue id="so.cuo.platform.admob:AdmobPosition:MIDDLE_RIGHT"><apiName>MIDDLE_RIGHT</apiName><shortdesc/><prolog/><apiValueDetail><apiValueDef><apiAccess value="public"/><apiStatic/><apiData>6</apiData><apiType value="int"/></apiValueDef></apiValueDetail></apiValue><apiValue id="so.cuo.platform.admob:AdmobPosition:TOP_CENTER"><apiName>TOP_CENTER</apiName><shortdesc/><prolog/><apiValueDetail><apiValueDef><apiAccess value="public"/><apiStatic/><apiData>2</apiData><apiType value="int"/></apiValueDef></apiValueDetail></apiValue><apiValue id="so.cuo.platform.admob:AdmobPosition:TOP_LEFT"><apiName>TOP_LEFT</apiName><shortdesc/><prolog/><apiValueDetail><apiValueDef><apiAccess value="public"/><apiStatic/><apiData>1</apiData><apiType value="int"/></apiValueDef></apiValueDetail></apiValue><apiValue id="so.cuo.platform.admob:AdmobPosition:TOP_RIGHT"><apiName>TOP_RIGHT</apiName><shortdesc/><prolog/><apiValueDetail><apiValueDef><apiAccess value="public"/><apiStatic/><apiData>3</apiData><apiType value="int"/></apiValueDef></apiValueDetail></apiValue></apiClassifier><apiClassifier id="so.cuo.platform.admob:AdmobSize"><apiName>AdmobSize</apiName><shortdesc/><prolog><asMetadata/></prolog><apiClassifierDetail><apiClassifierDef><apiAccess value="public"/><apiStatic/><apiBaseClassifier>Object</apiBaseClassifier></apiClassifierDef></apiClassifierDetail><apiConstructor id="so.cuo.platform.admob:AdmobSize:AdmobSize"><apiName>AdmobSize</apiName><shortdesc>
you  can create a custom size ,for admob more ad size
https://developers.google.com/mobile-ads-sdk/docs/admob/smart-banners
https://developers.google.com/mobile-ads-sdk/docs/admob/intermediate
</shortdesc><prolog/><apiConstructorDetail><apiConstructorDef><apiAccess value="public"/><apiParam><apiItemName>w</apiItemName><apiType value="Number"/><apiData>320</apiData></apiParam><apiParam><apiItemName>h</apiItemName><apiType value="Number"/><apiData>50</apiData></apiParam></apiConstructorDef><apiDesc>
you  can create a custom size ,for admob more ad size
https://developers.google.com/mobile-ads-sdk/docs/admob/smart-banners
https://developers.google.com/mobile-ads-sdk/docs/admob/intermediate
</apiDesc></apiConstructorDetail></apiConstructor><apiOperation id="so.cuo.platform.admob:AdmobSize:equals"><apiName>equals</apiName><shortdesc/><prolog/><apiOperationDetail><apiOperationDef><apiAccess value="public"/><apiReturn><apiType value="Boolean"/></apiReturn><apiParam><apiItemName>adsize</apiItemName><apiOperationClassifier>so.cuo.platform.admob:AdmobSize</apiOperationClassifier></apiParam></apiOperationDef></apiOperationDetail></apiOperation><apiValue id="so.cuo.platform.admob:AdmobSize:BANNER_300X250"><apiName>BANNER_300X250</apiName><shortdesc>banner size 300,250</shortdesc><prolog/><apiValueDetail><apiValueDef><apiAccess value="public"/><apiStatic/><apiData>unknown</apiData><apiValueClassifier>so.cuo.platform.admob:AdmobSize</apiValueClassifier></apiValueDef><apiDesc>banner size 300,250</apiDesc></apiValueDetail></apiValue><apiValue id="so.cuo.platform.admob:AdmobSize:BANNER_320x100"><apiName>BANNER_320x100</apiName><shortdesc>banner size 320,100</shortdesc><prolog/><apiValueDetail><apiValueDef><apiAccess value="public"/><apiStatic/><apiData>unknown</apiData><apiValueClassifier>so.cuo.platform.admob:AdmobSize</apiValueClassifier></apiValueDef><apiDesc>banner size 320,100</apiDesc></apiValueDetail></apiValue><apiValue id="so.cuo.platform.admob:AdmobSize:BANNER_320x50"><apiName>BANNER_320x50</apiName><shortdesc>banner size 320,50</shortdesc><prolog/><apiValueDetail><apiValueDef><apiAccess value="public"/><apiStatic/><apiData>unknown</apiData><apiValueClassifier>so.cuo.platform.admob:AdmobSize</apiValueClassifier></apiValueDef><apiDesc>banner size 320,50</apiDesc></apiValueDetail></apiValue><apiValue id="so.cuo.platform.admob:AdmobSize:BANNER_468X60"><apiName>BANNER_468X60</apiName><shortdesc>banner size 468,60</shortdesc><prolog/><apiValueDetail><apiValueDef><apiAccess value="public"/><apiStatic/><apiData>unknown</apiData><apiValueClassifier>so.cuo.platform.admob:AdmobSize</apiValueClassifier></apiValueDef><apiDesc>banner size 468,60</apiDesc></apiValueDetail></apiValue><apiValue id="so.cuo.platform.admob:AdmobSize:BANNER_728X90"><apiName>BANNER_728X90</apiName><shortdesc>banner size 728,90</shortdesc><prolog/><apiValueDetail><apiValueDef><apiAccess value="public"/><apiStatic/><apiData>unknown</apiData><apiValueClassifier>so.cuo.platform.admob:AdmobSize</apiValueClassifier></apiValueDef><apiDesc>banner size 728,90</apiDesc></apiValueDetail></apiValue><apiValue id="so.cuo.platform.admob:AdmobSize:BANNER_STANDARD"><apiName>BANNER_STANDARD</apiName><shortdesc>iphone 320x50 or 468x60,ipad 728x90 </shortdesc><prolog/><apiValueDetail><apiValueDef><apiAccess value="public"/><apiStatic/><apiData>unknown</apiData><apiValueClassifier>so.cuo.platform.admob:AdmobSize</apiValueClassifier></apiValueDef><apiDesc>iphone 320x50 or 468x60,ipad 728x90 </apiDesc></apiValueDetail></apiValue><apiValue id="so.cuo.platform.admob:AdmobSize:SMART_BANNER"><apiName>SMART_BANNER</apiName><shortdesc/><prolog/><apiValueDetail><apiValueDef><apiAccess value="public"/><apiStatic/><apiData>unknown</apiData><apiValueClassifier>so.cuo.platform.admob:AdmobSize</apiValueClassifier></apiValueDef></apiValueDetail></apiValue><apiValue id="so.cuo.platform.admob:AdmobSize:protected:_height"><apiName>_height</apiName><shortdesc/><prolog/><apiValueDetail><apiValueDef><apiProperty/><apiAccess value="protected"/><apiDynamic/><apiType value="int"/></apiValueDef></apiValueDetail></apiValue><apiValue id="so.cuo.platform.admob:AdmobSize:protected:_width"><apiName>_width</apiName><shortdesc/><prolog/><apiValueDetail><apiValueDef><apiProperty/><apiAccess value="protected"/><apiDynamic/><apiType value="int"/></apiValueDef></apiValueDetail></apiValue><apiValue id="so.cuo.platform.admob:AdmobSize:height:get"><apiName>height</apiName><shortdesc/><prolog/><apiValueDetail><apiValueDef><apiProperty/><apiAccess value="public"/><apiDynamic/><apiValueAccess value="readwrite"/><apiType value="int"/></apiValueDef></apiValueDetail></apiValue><apiValue id="so.cuo.platform.admob:AdmobSize:width:get"><apiName>width</apiName><shortdesc/><prolog/><apiValueDetail><apiValueDef><apiProperty/><apiAccess value="public"/><apiDynamic/><apiValueAccess value="readwrite"/><apiType value="int"/></apiValueDef></apiValueDetail></apiValue></apiClassifier><apiClassifier id="so.cuo.platform.admob:ExtraParameter"><apiName>ExtraParameter</apiName><shortdesc>
  extra parameter to control admob request,such as if you are testing ,is this app made for child .</shortdesc><prolog><asMetadata/></prolog><apiClassifierDetail><apiClassifierDef><apiAccess value="public"/><apiStatic/><apiBaseClassifier>Object</apiBaseClassifier></apiClassifierDef><apiDesc>
  extra parameter to control admob request,such as if you are testing ,is this app made for child .
 just set property that you want to change the default value. 
 more info about the parameter can found https://developers.google.com/mobile-ads-sdk/docs/admob/additional-controls#play-coppa
 </apiDesc></apiClassifierDetail><apiOperation id="so.cuo.platform.admob:ExtraParameter:setLocation"><apiName>setLocation</apiName><shortdesc/><prolog/><apiOperationDetail><apiOperationDef><apiAccess value="public"/><apiReturn><apiType value="void"/></apiReturn><apiParam><apiItemName>latitude</apiItemName><apiType value="Number"/></apiParam><apiParam><apiItemName>longitude</apiItemName><apiType value="Number"/></apiParam></apiOperationDef></apiOperationDetail></apiOperation><apiOperation id="so.cuo.platform.admob:ExtraParameter:toString"><apiName>toString</apiName><shortdesc/><prolog/><apiOperationDetail><apiOperationDef><apiAccess value="public"/><apiReturn><apiType value="String"/></apiReturn></apiOperationDef></apiOperationDetail></apiOperation><apiValue id="so.cuo.platform.admob:ExtraParameter:birthday:get"><apiName>birthday</apiName><shortdesc/><prolog/><apiValueDetail><apiValueDef><apiProperty/><apiAccess value="public"/><apiDynamic/><apiValueAccess value="readwrite"/><apiType value="Date"/></apiValueDef></apiValueDetail></apiValue><apiValue id="so.cuo.platform.admob:ExtraParameter:contentUrl:get"><apiName>contentUrl</apiName><shortdesc/><prolog/><apiValueDetail><apiValueDef><apiProperty/><apiAccess value="public"/><apiDynamic/><apiValueAccess value="readwrite"/><apiType value="String"/></apiValueDef></apiValueDetail></apiValue><apiValue id="so.cuo.platform.admob:ExtraParameter:gender:set"><apiName>gender</apiName><shortdesc>available value list GENDER_FEMALE 2,GENDER_MALE 1,GENDER_UNKNOWN 0</shortdesc><prolog/><apiValueDetail><apiValueDef><apiProperty/><apiAccess value="public"/><apiDynamic/><apiValueAccess value="readwrite"/><apiType value="int"/></apiValueDef><apiDesc>available value list GENDER_FEMALE 2,GENDER_MALE 1,GENDER_UNKNOWN 0</apiDesc></apiValueDetail></apiValue><apiValue id="so.cuo.platform.admob:ExtraParameter:isChildApp:set"><apiName>isChildApp</apiName><shortdesc>just set when this app is  for child </shortdesc><prolog/><apiValueDetail><apiValueDef><apiProperty/><apiAccess value="public"/><apiDynamic/><apiValueAccess value="readwrite"/><apiType value="Boolean"/></apiValueDef><apiDesc>just set when this app is  for child </apiDesc></apiValueDetail></apiValue><apiValue id="so.cuo.platform.admob:ExtraParameter:keyWord:set"><apiName>keyWord</apiName><shortdesc>keyword format   "key1 key2 key3 key4" </shortdesc><prolog/><apiValueDetail><apiValueDef><apiProperty/><apiAccess value="public"/><apiDynamic/><apiValueAccess value="readwrite"/><apiType value="String"/></apiValueDef><apiDesc>keyword format   "key1 key2 key3 key4" </apiDesc></apiValueDetail></apiValue><apiValue id="so.cuo.platform.admob:ExtraParameter:testDeviceID:set"><apiName>testDeviceID</apiName><shortdesc> you can set the device id value to get admob test ad,device id sample C10FA0762720A0FD0E64FE3825A8B64F</shortdesc><prolog/><apiValueDetail><apiValueDef><apiProperty/><apiAccess value="public"/><apiDynamic/><apiValueAccess value="readwrite"/><apiType value="String"/></apiValueDef><apiDesc> you can set the device id value to get admob test ad,device id sample C10FA0762720A0FD0E64FE3825A8B64F</apiDesc></apiValueDetail></apiValue></apiClassifier></apiPackage>