<?xml version="1.0" encoding="UTF-8"?>
<allClasses>
   <apiPackage id="so.cuo.platform.admob">
      <apiName>so.cuo.platform.admob</apiName>
      <apiDetail/>
      <apiClassifier id="so.cuo.platform.admob:AdmobEvent">
         <apiName>AdmobEvent</apiName>
         <shortdesc>
	 ad event 
	 ref  https://developers.google.com/mobile-ads-sdk/docs/admob/intermediate
	 </shortdesc>
         <prolog>
            <asMetadata/>
         </prolog>
         <apiClassifierDetail>
            <apiClassifierDef>
               <apiAccess value="public"/>
               <apiStatic/>
               <apiBaseClassifier>flash.events:Event</apiBaseClassifier>
            </apiClassifierDef>
            <apiDesc>
	 ad event 
	 ref  https://developers.google.com/mobile-ads-sdk/docs/admob/intermediate
	 </apiDesc>
         </apiClassifierDetail>
         <Keywords>
            <meta name="keywords"
                  content="AdmobEvent,so.cuo.platform.admob.AdmobEvent,BANNER,BOTTOM_CENTER,BOTTOM_LEFT,BOTTOM_RIGHT,ERROR_CODE_ERNAL_ERROR,ERROR_CODE_INVALID_REQUEST,ERROR_CODE_NETWORK_ERROR,ERROR_CODE_NO_FILL,IAB_BANNER,IAB_LEADERBOARD,IAB_MRECT,IAB_WIDE_SKYSCRAPER,IPAD_LANDSCAPE,IPAD_PORTRAIT,IPHONE_LANDSCAPE,MIDDLE_CENTER,MIDDLE_LEFT,MIDDLE_RIGHT,SMART_BANNER,TOP_CENTER,TOP_LEFT,TOP_RIGHT,_height,_width,bannerKey,birthday,contentUrl,data,enableTrace,extensionContext,gender,height,interstitialKey,isChildApp,keyWord,lastBannerSize,onBannerDismiss,onBannerFailedReceive,onBannerLeaveApplication,onBannerPresent,onBannerReceive,onInterstitialDismiss,onInterstitialFailedReceive,onInterstitialLeaveApplication,onInterstitialPresent,onInterstitialReceive,supportDevice,testDevice,testDeviceID,width"/>
         </Keywords>
      </apiClassifier>
      <apiClassifier id="so.cuo.platform.admob:Admob">
         <apiName>Admob</apiName>
         <shortdesc/>
         <prolog>
            <asMetadata/>
         </prolog>
         <apiClassifierDetail>
            <apiClassifierDef>
               <apiAccess value="public"/>
               <apiStatic/>
               <apiBaseClassifier>flash.events:EventDispatcher</apiBaseClassifier>
            </apiClassifierDef>
         </apiClassifierDetail>
         <Keywords>
            <meta name="keywords"
                  content="Admob,so.cuo.platform.admob.Admob,BANNER,BOTTOM_CENTER,BOTTOM_LEFT,BOTTOM_RIGHT,ERROR_CODE_ERNAL_ERROR,ERROR_CODE_INVALID_REQUEST,ERROR_CODE_NETWORK_ERROR,ERROR_CODE_NO_FILL,IAB_BANNER,IAB_LEADERBOARD,IAB_MRECT,IAB_WIDE_SKYSCRAPER,IPAD_LANDSCAPE,IPAD_PORTRAIT,IPHONE_LANDSCAPE,MIDDLE_CENTER,MIDDLE_LEFT,MIDDLE_RIGHT,SMART_BANNER,TOP_CENTER,TOP_LEFT,TOP_RIGHT,_height,_width,bannerKey,birthday,contentUrl,data,enableTrace,extensionContext,gender,height,interstitialKey,isChildApp,keyWord,lastBannerSize,onBannerDismiss,onBannerFailedReceive,onBannerLeaveApplication,onBannerPresent,onBannerReceive,onInterstitialDismiss,onInterstitialFailedReceive,onInterstitialLeaveApplication,onInterstitialPresent,onInterstitialReceive,supportDevice,testDevice,testDeviceID,width,cacheInterstitial,dispose,equals,errorString,getInstance,getScreenSize,hideBanner,initBanner,isInterstitialReady,setKeys,setLocation,showBannerAbsolute,showBanner,showInterstitial,toString"/>
         </Keywords>
      </apiClassifier>
      <apiClassifier id="so.cuo.platform.admob:AdmobError">
         <apiName>AdmobError</apiName>
         <shortdesc/>
         <prolog>
            <asMetadata/>
         </prolog>
         <apiClassifierDetail>
            <apiClassifierDef>
               <apiAccess value="public"/>
               <apiStatic/>
               <apiBaseClassifier>Object</apiBaseClassifier>
            </apiClassifierDef>
         </apiClassifierDetail>
         <Keywords>
            <meta name="keywords"
                  content="AdmobError,so.cuo.platform.admob.AdmobError,BANNER,BOTTOM_CENTER,BOTTOM_LEFT,BOTTOM_RIGHT,ERROR_CODE_ERNAL_ERROR,ERROR_CODE_INVALID_REQUEST,ERROR_CODE_NETWORK_ERROR,ERROR_CODE_NO_FILL,IAB_BANNER,IAB_LEADERBOARD,IAB_MRECT,IAB_WIDE_SKYSCRAPER,IPAD_LANDSCAPE,IPAD_PORTRAIT,IPHONE_LANDSCAPE,MIDDLE_CENTER,MIDDLE_LEFT,MIDDLE_RIGHT,SMART_BANNER,TOP_CENTER,TOP_LEFT,TOP_RIGHT,_height,_width,bannerKey,birthday,contentUrl,data,enableTrace,extensionContext,gender,height,interstitialKey,isChildApp,keyWord,lastBannerSize,onBannerDismiss,onBannerFailedReceive,onBannerLeaveApplication,onBannerPresent,onBannerReceive,onInterstitialDismiss,onInterstitialFailedReceive,onInterstitialLeaveApplication,onInterstitialPresent,onInterstitialReceive,supportDevice,testDevice,testDeviceID,width,cacheInterstitial,dispose,equals,errorString,getInstance,getScreenSize,hideBanner,initBanner,isInterstitialReady,setKeys,setLocation,showBannerAbsolute,showBanner,showInterstitial,toString"/>
         </Keywords>
      </apiClassifier>
      <apiClassifier id="so.cuo.platform.admob:AdmobPosition">
         <apiName>AdmobPosition</apiName>
         <shortdesc> banner ad position; relation position consts</shortdesc>
         <prolog>
            <asMetadata/>
         </prolog>
         <apiClassifierDetail>
            <apiClassifierDef>
               <apiAccess value="public"/>
               <apiStatic/>
               <apiBaseClassifier>Object</apiBaseClassifier>
            </apiClassifierDef>
            <apiDesc> banner ad position; relation position consts</apiDesc>
         </apiClassifierDetail>
         <Keywords>
            <meta name="keywords"
                  content="AdmobPosition,so.cuo.platform.admob.AdmobPosition,BANNER,BOTTOM_CENTER,BOTTOM_LEFT,BOTTOM_RIGHT,ERROR_CODE_ERNAL_ERROR,ERROR_CODE_INVALID_REQUEST,ERROR_CODE_NETWORK_ERROR,ERROR_CODE_NO_FILL,IAB_BANNER,IAB_LEADERBOARD,IAB_MRECT,IAB_WIDE_SKYSCRAPER,IPAD_LANDSCAPE,IPAD_PORTRAIT,IPHONE_LANDSCAPE,MIDDLE_CENTER,MIDDLE_LEFT,MIDDLE_RIGHT,SMART_BANNER,TOP_CENTER,TOP_LEFT,TOP_RIGHT,_height,_width,bannerKey,birthday,contentUrl,data,enableTrace,extensionContext,gender,height,interstitialKey,isChildApp,keyWord,lastBannerSize,onBannerDismiss,onBannerFailedReceive,onBannerLeaveApplication,onBannerPresent,onBannerReceive,onInterstitialDismiss,onInterstitialFailedReceive,onInterstitialLeaveApplication,onInterstitialPresent,onInterstitialReceive,supportDevice,testDevice,testDeviceID,width"/>
         </Keywords>
      </apiClassifier>
      <apiClassifier id="so.cuo.platform.admob:AdmobSize">
         <apiName>AdmobSize</apiName>
         <shortdesc/>
         <prolog>
            <asMetadata/>
         </prolog>
         <apiClassifierDetail>
            <apiClassifierDef>
               <apiAccess value="public"/>
               <apiStatic/>
               <apiBaseClassifier>Object</apiBaseClassifier>
            </apiClassifierDef>
         </apiClassifierDetail>
         <Keywords>
            <meta name="keywords"
                  content="AdmobSize,so.cuo.platform.admob.AdmobSize,BANNER,BOTTOM_CENTER,BOTTOM_LEFT,BOTTOM_RIGHT,ERROR_CODE_ERNAL_ERROR,ERROR_CODE_INVALID_REQUEST,ERROR_CODE_NETWORK_ERROR,ERROR_CODE_NO_FILL,IAB_BANNER,IAB_LEADERBOARD,IAB_MRECT,IAB_WIDE_SKYSCRAPER,IPAD_LANDSCAPE,IPAD_PORTRAIT,IPHONE_LANDSCAPE,MIDDLE_CENTER,MIDDLE_LEFT,MIDDLE_RIGHT,SMART_BANNER,TOP_CENTER,TOP_LEFT,TOP_RIGHT,_height,_width,bannerKey,birthday,contentUrl,data,enableTrace,extensionContext,gender,height,interstitialKey,isChildApp,keyWord,lastBannerSize,onBannerDismiss,onBannerFailedReceive,onBannerLeaveApplication,onBannerPresent,onBannerReceive,onInterstitialDismiss,onInterstitialFailedReceive,onInterstitialLeaveApplication,onInterstitialPresent,onInterstitialReceive,supportDevice,testDevice,testDeviceID,width,cacheInterstitial,dispose,equals,errorString,getInstance,getScreenSize,hideBanner,initBanner,isInterstitialReady,setKeys,setLocation,showBannerAbsolute,showBanner,showInterstitial,toString"/>
         </Keywords>
      </apiClassifier>
      <apiClassifier id="so.cuo.platform.admob:ExtraParameter">
         <apiName>ExtraParameter</apiName>
         <shortdesc>
  extra parameter to control admob request,such as if you are testing ,is this app made for child .</shortdesc>
         <prolog>
            <asMetadata/>
         </prolog>
         <apiClassifierDetail>
            <apiClassifierDef>
               <apiAccess value="public"/>
               <apiStatic/>
               <apiBaseClassifier>Object</apiBaseClassifier>
            </apiClassifierDef>
            <apiDesc>
  extra parameter to control admob request,such as if you are testing ,is this app made for child .
 just set property that you want to change the default value. 
 more info about the parameter can found https://developers.google.com/mobile-ads-sdk/docs/admob/additional-controls#play-coppa
 </apiDesc>
         </apiClassifierDetail>
         <Keywords>
            <meta name="keywords"
                  content="ExtraParameter,so.cuo.platform.admob.ExtraParameter,BANNER,BOTTOM_CENTER,BOTTOM_LEFT,BOTTOM_RIGHT,ERROR_CODE_ERNAL_ERROR,ERROR_CODE_INVALID_REQUEST,ERROR_CODE_NETWORK_ERROR,ERROR_CODE_NO_FILL,IAB_BANNER,IAB_LEADERBOARD,IAB_MRECT,IAB_WIDE_SKYSCRAPER,IPAD_LANDSCAPE,IPAD_PORTRAIT,IPHONE_LANDSCAPE,MIDDLE_CENTER,MIDDLE_LEFT,MIDDLE_RIGHT,SMART_BANNER,TOP_CENTER,TOP_LEFT,TOP_RIGHT,_height,_width,bannerKey,birthday,contentUrl,data,enableTrace,extensionContext,gender,height,interstitialKey,isChildApp,keyWord,lastBannerSize,onBannerDismiss,onBannerFailedReceive,onBannerLeaveApplication,onBannerPresent,onBannerReceive,onInterstitialDismiss,onInterstitialFailedReceive,onInterstitialLeaveApplication,onInterstitialPresent,onInterstitialReceive,supportDevice,testDevice,testDeviceID,width,cacheInterstitial,dispose,equals,errorString,getInstance,getScreenSize,hideBanner,initBanner,isInterstitialReady,setKeys,setLocation,showBannerAbsolute,showBanner,showInterstitial,toString"/>
         </Keywords>
      </apiClassifier>
   </apiPackage>
</allClasses>