<?xml version="1.0" encoding="UTF-8"?><allClasses><apiPackage id="so.cuo.platform.admob"><apiName>so.cuo.platform.admob</apiName><apiClassifier id="so.cuo.platform.admob:AdmobEvent"><apiName>AdmobEvent</apiName><apiClassifierDetail><apiClassifierDef><apiAccess value="public"/><apiStatic/><apiBaseClassifier>flash.events:Event</apiBaseClassifier></apiClassifierDef></apiClassifierDetail><apiConstructor id="so.cuo.platform.admob:AdmobEvent:AdmobEvent"><apiName>AdmobEvent</apiName><shortdesc/><prolog/><apiConstructorDetail><apiConstructorDef><apiAccess value="public"/><apiParam><apiItemName>type</apiItemName><apiType value="String"/></apiParam><apiParam><apiItemName>data</apiItemName><apiType value="any"/><apiData>null</apiData></apiParam><apiParam><apiItemName>bubbles</apiItemName><apiType value="Boolean"/><apiData>false</apiData></apiParam><apiParam><apiItemName>cancelable</apiItemName><apiType value="Boolean"/><apiData>false</apiData></apiParam></apiConstructorDef></apiConstructorDetail></apiConstructor></apiClassifier><apiClassifier id="so.cuo.platform.admob:Admob"><apiName>Admob</apiName><apiClassifierDetail><apiClassifierDef><apiAccess value="public"/><apiStatic/><apiBaseClassifier>flash.events:EventDispatcher</apiBaseClassifier></apiClassifierDef></apiClassifierDetail><apiOperation id="so.cuo.platform.admob:Admob:cacheInterstitial"><apiName>cacheInterstitial</apiName><shortdesc>load Interstitial ad,you would load full screen ad before show it</shortdesc><prolog/><apiOperationDetail><apiOperationDef><apiAccess value="public"/><apiReturn><apiType value="void"/></apiReturn><apiParam><apiItemName>extraPrama</apiItemName><apiData>null</apiData><apiOperationClassifier>so.cuo.platform.admob:ExtraParameter</apiOperationClassifier></apiParam></apiOperationDef><apiDesc>load Interstitial ad,you would load full screen ad before show it</apiDesc></apiOperationDetail></apiOperation><apiOperation id="so.cuo.platform.admob:Admob:dispose"><apiName>dispose</apiName><shortdesc>dispose this ane,you would never use this ane any more</shortdesc><prolog/><apiOperationDetail><apiOperationDef><apiAccess value="public"/><apiReturn><apiType value="void"/></apiReturn></apiOperationDef><apiDesc>dispose this ane,you would never use this ane any more</apiDesc></apiOperationDetail></apiOperation><apiOperation id="so.cuo.platform.admob:Admob:getInstance"><apiName>getInstance</apiName><shortdesc/><prolog/><apiOperationDetail><apiOperationDef><apiAccess value="public"/><apiStatic/><apiReturn><apiOperationClassifier>so.cuo.platform.admob:Admob</apiOperationClassifier></apiReturn></apiOperationDef></apiOperationDetail></apiOperation><apiOperation id="so.cuo.platform.admob:Admob:getScreenSize"><apiName>getScreenSize</apiName><shortdesc>device screen size</shortdesc><prolog/><apiOperationDetail><apiOperationDef><apiAccess value="public"/><apiReturn><apiType value="flash.geom:Rectangle"/></apiReturn></apiOperationDef><apiDesc>device screen size</apiDesc></apiOperationDetail></apiOperation><apiOperation id="so.cuo.platform.admob:Admob:hideBanner"><apiName>hideBanner</apiName><shortdesc>hide ad banner</shortdesc><prolog/><apiOperationDetail><apiOperationDef><apiAccess value="public"/><apiReturn><apiType value="void"/></apiReturn></apiOperationDef><apiDesc>hide ad banner</apiDesc></apiOperationDetail></apiOperation><apiOperation id="so.cuo.platform.admob:Admob:protected:initBanner"><apiName>initBanner</apiName><shortdesc/><prolog/><apiOperationDetail><apiOperationDef><apiAccess value="protected"/><apiReturn><apiType value="void"/></apiReturn><apiParam><apiItemName>adSize</apiItemName><apiOperationClassifier>so.cuo.platform.admob:AdmobSize</apiOperationClassifier></apiParam></apiOperationDef></apiOperationDetail></apiOperation><apiOperation id="so.cuo.platform.admob:Admob:isInterstitialReady"><apiName>isInterstitialReady</apiName><shortdesc>has load Interstitial success? just show after the Interstitial ad is ready</shortdesc><prolog/><apiOperationDetail><apiOperationDef><apiAccess value="public"/><apiReturn><apiType value="Boolean"/></apiReturn></apiOperationDef><apiDesc>has load Interstitial success? just show after the Interstitial ad is ready</apiDesc></apiOperationDetail></apiOperation><apiOperation id="so.cuo.platform.admob:Admob:setKeys"><apiName>setKeys</apiName><shortdesc>set admob key ,the bannerKey is banner key,interstitialKey is interstitialKey key.</shortdesc><prolog/><apiOperationDetail><apiOperationDef><apiAccess value="public"/><apiReturn><apiType value="void"/></apiReturn><apiParam><apiItemName>bannerKey</apiItemName><apiType value="String"/></apiParam><apiParam><apiItemName>interstitialKey</apiItemName><apiType value="String"/><apiData>null</apiData></apiParam></apiOperationDef><apiDesc>set admob key ,the bannerKey is banner key,interstitialKey is interstitialKey key. 
		 if interstitialKey not set ,it will the same as banner key
		 </apiDesc></apiOperationDetail></apiOperation><apiOperation id="so.cuo.platform.admob:Admob:showBannerAbsolute"><apiName>showBannerAbsolute</apiName><shortdesc>show admob banner absolute position,position x,y
		 eg.</shortdesc><prolog/><apiOperationDetail><apiOperationDef><apiAccess value="public"/><apiReturn><apiType value="void"/></apiReturn><apiParam><apiItemName>adSize</apiItemName><apiOperationClassifier>so.cuo.platform.admob:AdmobSize</apiOperationClassifier></apiParam><apiParam><apiItemName>x</apiItemName><apiType value="Number"/></apiParam><apiParam><apiItemName>y</apiItemName><apiType value="Number"/></apiParam><apiParam><apiItemName>extraParam</apiItemName><apiData>null</apiData><apiOperationClassifier>so.cuo.platform.admob:ExtraParameter</apiOperationClassifier></apiParam></apiOperationDef><apiDesc>show admob banner absolute position,position x,y
		 eg.  admob.showBannerAbsolute(Admob.BANNER,0,280);
		 </apiDesc></apiOperationDetail></apiOperation><apiOperation id="so.cuo.platform.admob:Admob:showBanner"><apiName>showBanner</apiName><shortdesc>show admob banner relation position,position values in  AdmobPosition
		 eg.</shortdesc><prolog/><apiOperationDetail><apiOperationDef><apiAccess value="public"/><apiReturn><apiType value="void"/></apiReturn><apiParam><apiItemName>adSize</apiItemName><apiOperationClassifier>so.cuo.platform.admob:AdmobSize</apiOperationClassifier></apiParam><apiParam><apiItemName>position</apiItemName><apiType value="int"/></apiParam><apiParam><apiItemName>extraParam</apiItemName><apiData>null</apiData><apiOperationClassifier>so.cuo.platform.admob:ExtraParameter</apiOperationClassifier></apiParam></apiOperationDef><apiDesc>show admob banner relation position,position values in  AdmobPosition
		 eg.  admob.showBanner(Admob.BANNER,AdmobPosition.BOTTOM_CENTER);
		 </apiDesc></apiOperationDetail></apiOperation><apiOperation id="so.cuo.platform.admob:Admob:showInterstitial"><apiName>showInterstitial</apiName><shortdesc>show Interstitial on screen</shortdesc><prolog/><apiOperationDetail><apiOperationDef><apiAccess value="public"/><apiReturn><apiType value="void"/></apiReturn></apiOperationDef><apiDesc>show Interstitial on screen</apiDesc></apiOperationDetail></apiOperation><apiConstructor id="so.cuo.platform.admob:Admob:Admob"><apiName>Admob</apiName><shortdesc/><prolog/><apiConstructorDetail><apiConstructorDef><apiAccess value="public"/></apiConstructorDef></apiConstructorDetail></apiConstructor></apiClassifier><apiClassifier id="so.cuo.platform.admob:AdmobError"><apiName>AdmobError</apiName><apiClassifierDetail><apiClassifierDef><apiAccess value="public"/><apiStatic/><apiBaseClassifier>Object</apiBaseClassifier></apiClassifierDef></apiClassifierDetail><apiOperation id="so.cuo.platform.admob:AdmobError:errorString"><apiName>errorString</apiName><shortdesc/><prolog/><apiOperationDetail><apiOperationDef><apiAccess value="public"/><apiStatic/><apiReturn><apiType value="String"/></apiReturn><apiParam><apiItemName>code</apiItemName><apiType value="int"/></apiParam></apiOperationDef></apiOperationDetail></apiOperation></apiClassifier><apiClassifier id="so.cuo.platform.admob:AdmobPosition"><apiName>AdmobPosition</apiName><apiClassifierDetail><apiClassifierDef><apiAccess value="public"/><apiStatic/><apiBaseClassifier>Object</apiBaseClassifier></apiClassifierDef></apiClassifierDetail></apiClassifier><apiClassifier id="so.cuo.platform.admob:AdmobSize"><apiName>AdmobSize</apiName><apiClassifierDetail><apiClassifierDef><apiAccess value="public"/><apiStatic/><apiBaseClassifier>Object</apiBaseClassifier></apiClassifierDef></apiClassifierDetail><apiOperation id="so.cuo.platform.admob:AdmobSize:equals"><apiName>equals</apiName><shortdesc/><prolog/><apiOperationDetail><apiOperationDef><apiAccess value="public"/><apiReturn><apiType value="Boolean"/></apiReturn><apiParam><apiItemName>adsize</apiItemName><apiOperationClassifier>so.cuo.platform.admob:AdmobSize</apiOperationClassifier></apiParam></apiOperationDef></apiOperationDetail></apiOperation><apiConstructor id="so.cuo.platform.admob:AdmobSize:AdmobSize"><apiName>AdmobSize</apiName><shortdesc>you  can create a custom size ,for admob more ad size https://developers.google.com/mobile-ads-sdk/docs/admob/smart-banners</shortdesc><prolog/><apiConstructorDetail><apiConstructorDef><apiAccess value="public"/><apiParam><apiItemName>w</apiItemName><apiType value="Number"/><apiData>320</apiData></apiParam><apiParam><apiItemName>h</apiItemName><apiType value="Number"/><apiData>50</apiData></apiParam></apiConstructorDef><apiDesc>you  can create a custom size ,for admob more ad size https://developers.google.com/mobile-ads-sdk/docs/admob/smart-banners</apiDesc></apiConstructorDetail></apiConstructor></apiClassifier><apiClassifier id="so.cuo.platform.admob:ExtraParameter"><apiName>ExtraParameter</apiName><apiClassifierDetail><apiClassifierDef><apiAccess value="public"/><apiStatic/><apiBaseClassifier>Object</apiBaseClassifier></apiClassifierDef></apiClassifierDetail><apiOperation id="so.cuo.platform.admob:ExtraParameter:setLocation"><apiName>setLocation</apiName><shortdesc/><prolog/><apiOperationDetail><apiOperationDef><apiAccess value="public"/><apiReturn><apiType value="void"/></apiReturn><apiParam><apiItemName>latitude</apiItemName><apiType value="Number"/></apiParam><apiParam><apiItemName>longitude</apiItemName><apiType value="Number"/></apiParam></apiOperationDef></apiOperationDetail></apiOperation><apiOperation id="so.cuo.platform.admob:ExtraParameter:toString"><apiName>toString</apiName><shortdesc/><prolog/><apiOperationDetail><apiOperationDef><apiAccess value="public"/><apiReturn><apiType value="String"/></apiReturn></apiOperationDef></apiOperationDetail></apiOperation></apiClassifier></apiPackage></allClasses>