<?xml version="1.0" encoding="UTF-8"?>
<allClasses>
   <apiPackage id="so.cuo.platform.admob">
      <apiName>so.cuo.platform.admob</apiName>
      <apiClassifier id="so.cuo.platform.admob:AdmobEvent">
         <apiName>AdmobEvent</apiName>
         <apiClassifierDetail>
            <apiClassifierDef>
               <apiAccess value="public"/>
               <apiStatic/>
               <apiBaseClassifier>flash.events:Event</apiBaseClassifier>
            </apiClassifierDef>
         </apiClassifierDetail>
         <prolog>
            <asMetadata/>
         </prolog>
      </apiClassifier>
      <apiClassifier id="so.cuo.platform.admob:Admob">
         <apiName>Admob</apiName>
         <apiClassifierDetail>
            <apiClassifierDef>
               <apiAccess value="public"/>
               <apiStatic/>
               <apiBaseClassifier>flash.events:EventDispatcher</apiBaseClassifier>
            </apiClassifierDef>
         </apiClassifierDetail>
         <prolog>
            <asMetadata/>
         </prolog>
      </apiClassifier>
      <apiClassifier id="so.cuo.platform.admob:AdmobError">
         <apiName>AdmobError</apiName>
         <apiClassifierDetail>
            <apiClassifierDef>
               <apiAccess value="public"/>
               <apiStatic/>
               <apiBaseClassifier>Object</apiBaseClassifier>
            </apiClassifierDef>
         </apiClassifierDetail>
         <prolog>
            <asMetadata/>
         </prolog>
      </apiClassifier>
      <apiClassifier id="so.cuo.platform.admob:AdmobPosition">
         <apiName>AdmobPosition</apiName>
         <apiClassifierDetail>
            <apiClassifierDef>
               <apiAccess value="public"/>
               <apiStatic/>
               <apiBaseClassifier>Object</apiBaseClassifier>
            </apiClassifierDef>
         </apiClassifierDetail>
         <prolog>
            <asMetadata/>
         </prolog>
      </apiClassifier>
      <apiClassifier id="so.cuo.platform.admob:AdmobSize">
         <apiName>AdmobSize</apiName>
         <apiClassifierDetail>
            <apiClassifierDef>
               <apiAccess value="public"/>
               <apiStatic/>
               <apiBaseClassifier>Object</apiBaseClassifier>
            </apiClassifierDef>
         </apiClassifierDetail>
         <prolog>
            <asMetadata/>
         </prolog>
      </apiClassifier>
      <apiClassifier id="so.cuo.platform.admob:ExtraParameter">
         <apiName>ExtraParameter</apiName>
         <apiClassifierDetail>
            <apiClassifierDef>
               <apiAccess value="public"/>
               <apiStatic/>
               <apiBaseClassifier>Object</apiBaseClassifier>
            </apiClassifierDef>
         </apiClassifierDetail>
         <prolog>
            <asMetadata/>
         </prolog>
      </apiClassifier>
   </apiPackage>
</allClasses>